modelo,run_id,modo,trabalho,indice_amostra,espera_slot_ms,leitura_ms,preprocess_ms,espera_runner_ms,sync_entrada_ms,inferencia_ms,sync_saida_ms,espera_pos_ms,postprocess_ms,latencia_total_ms
"methane_mobilenet_v3.xmodel","manual_1637344528835",model_only,0,0,0,0,0,0,0,213.54121,0,0,0,213.54121
"methane_mobilenet_v3.xmodel","manual_1637344528835",model_only,1,2,0,0,0,0,0,210.94267,0,0,0,210.94267
"methane_mobilenet_v3.xmodel","manual_1637344528835",model_only,2,3,0,0,0,0,0,210.10629,0,0,0,210.10629
"methane_mobilenet_v3.xmodel","manual_1637344528835",model_only,3,1,0,0,0,0,0,212.93336,0,0,0,212.93336
"methane_mobilenet_v3.xmodel","manual_1637344528835",model_only,4,2,0,0,0,0,0,209.85746,0,0,0,209.85746
"methane_mobilenet_v3.xmodel","manual_1637344528835",model_only,5,0,0,0,0,0,0,212.97117,0,0,0,212.97117
"methane_mobilenet_v3.xmodel","manual_1637344528835",model_only,6,3,0,0,0,0,0,209.87536,0,0,0,209.87536
"methane_mobilenet_v3.xmodel","manual_1637344528835",model_only,7,1,0,0,0,0,0,213.32251,0,0,0,213.32251
"methane_mobilenet_v3.xmodel","manual_1637344528835",model_only,8,2,0,0,0,0,0,209.38298,0,0,0,209.38298
"methane_mobilenet_v3.xmodel","manual_1637344528835",model_only,9,0,0,0,0,0,0,212.74036,0,0,0,212.74036
"methane_mobilenet_v3.xmodel","manual_1637344528835",model_only,10,3,0,0,0,0,0,211.01752,0,0,0,211.01752
"methane_mobilenet_v3.xmodel","manual_1637344528835",model_only,11,1,0,0,0,0,0,216.11941,0,0,0,216.11941
"methane_mobilenet_v3.xmodel","manual_1637344528835",model_only,12,2,0,0,0,0,0,209.15179,0,0,0,209.15179
"methane_mobilenet_v3.xmodel","manual_1637344528835",model_only,13,0,0,0,0,0,0,213.04228,0,0,0,213.04228
"methane_mobilenet_v3.xmodel","manual_1637344528835",model_only,14,3,0,0,0,0,0,209.9105,0,0,0,209.9105
"methane_mobilenet_v3.xmodel","manual_1637344528835",model_only,15,1,0,0,0,0,0,213.13705,0,0,0,213.13705
"methane_mobilenet_v3.xmodel","manual_1637344528835",model_only,16,2,0,0,0,0,0,209.07127,0,0,0,209.07127
"methane_mobilenet_v3.xmodel","manual_1637344528835",model_only,17,0,0,0,0,0,0,212.94468,0,0,0,212.94468
"methane_mobilenet_v3.xmodel","manual_1637344528835",model_only,18,3,0,0,0,0,0,209.68985,0,0,0,209.68985
"methane_mobilenet_v3.xmodel","manual_1637344528835",model_only,19,1,0,0,0,0,0,212.73054,0,0,0,212.73054
"methane_mobilenet_v3.xmodel","manual_1637344528835",model_only,20,2,0,0,0,0,0,209.5858,0,0,0,209.5858
"methane_mobilenet_v3.xmodel","manual_1637344528835",model_only,21,0,0,0,0,0,0,212.69722,0,0,0,212.69722
"methane_mobilenet_v3.xmodel","manual_1637344528835",model_only,22,3,0,0,0,0,0,209.6256,0,0,0,209.6256
"methane_mobilenet_v3.xmodel","manual_1637344528835",model_only,23,1,0,0,0,0,0,212.58674,0,0,0,212.58674
"methane_mobilenet_v3.xmodel","manual_1637344528835",model_only,24,2,0,0,0,0,0,209.78585,0,0,0,209.78585
"methane_mobilenet_v3.xmodel","manual_1637344528835",model_only,25,0,0,0,0,0,0,212.85596,0,0,0,212.85596
"methane_mobilenet_v3.xmodel","manual_1637344528835",model_only,26,3,0,0,0,0,0,209.5061,0,0,0,209.5061
"methane_mobilenet_v3.xmodel","manual_1637344528835",model_only,27,1,0,0,0,0,0,212.57581,0,0,0,212.57581
"methane_mobilenet_v3.xmodel","manual_1637344528835",model_only,28,2,0,0,0,0,0,209.33616,0,0,0,209.33616
"methane_mobilenet_v3.xmodel","manual_1637344528835",model_only,29,0,0,0,0,0,0,212.90485,0,0,0,212.90485
"methane_mobilenet_v3.xmodel","manual_1637344528835",model_only,30,3,0,0,0,0,0,209.67417,0,0,0,209.67417
"methane_mobilenet_v3.xmodel","manual_1637344528835",model_only,31,1,0,0,0,0,0,213.1192,0,0,0,213.1192
"methane_mobilenet_v3.xmodel","manual_1637344528835",model_only,32,2,0,0,0,0,0,209.7141,0,0,0,209.7141
"methane_mobilenet_v3.xmodel","manual_1637344528835",model_only,33,0,0,0,0,0,0,212.93285,0,0,0,212.93285
"methane_mobilenet_v3.xmodel","manual_1637344528835",model_only,34,3,0,0,0,0,0,209.40845,0,0,0,209.40845
"methane_mobilenet_v3.xmodel","manual_1637344528835",model_only,35,1,0,0,0,0,0,212.75872,0,0,0,212.75872
"methane_mobilenet_v3.xmodel","manual_1637344528835",model_only,36,2,0,0,0,0,0,209.1046,0,0,0,209.1046
"methane_mobilenet_v3.xmodel","manual_1637344528835",model_only,37,0,0,0,0,0,0,214.14741,0,0,0,214.14741
"methane_mobilenet_v3.xmodel","manual_1637344528835",model_only,38,3,0,0,0,0,0,209.59651,0,0,0,209.59651
"methane_mobilenet_v3.xmodel","manual_1637344528835",model_only,39,1,0,0,0,0,0,213.33201,0,0,0,213.33201
"methane_mobilenet_v3.xmodel","manual_1637344528835",model_only,40,2,0,0,0,0,0,209.31629,0,0,0,209.31629
"methane_mobilenet_v3.xmodel","manual_1637344528835",model_only,41,0,0,0,0,0,0,213.23719,0,0,0,213.23719
"methane_mobilenet_v3.xmodel","manual_1637344528835",model_only,42,3,0,0,0,0,0,209.71238,0,0,0,209.71238
"methane_mobilenet_v3.xmodel","manual_1637344528835",model_only,43,1,0,0,0,0,0,213.1392,0,0,0,213.1392
"methane_mobilenet_v3.xmodel","manual_1637344528835",model_only,44,2,0,0,0,0,0,209.45305,0,0,0,209.45305
"methane_mobilenet_v3.xmodel","manual_1637344528835",model_only,45,0,0,0,0,0,0,212.90532,0,0,0,212.90532
"methane_mobilenet_v3.xmodel","manual_1637344528835",model_only,46,3,0,0,0,0,0,209.98021,0,0,0,209.98021
"methane_mobilenet_v3.xmodel","manual_1637344528835",model_only,47,1,0,0,0,0,0,212.95696,0,0,0,212.95696
"methane_mobilenet_v3.xmodel","manual_1637344528835",model_only,48,2,0,0,0,0,0,210.21913,0,0,0,210.21913
"methane_mobilenet_v3.xmodel","manual_1637344528835",model_only,49,0,0,0,0,0,0,212.83706,0,0,0,212.83706
"methane_mobilenet_v3.xmodel","manual_1637344528835",model_only,50,3,0,0,0,0,0,209.76356,0,0,0,209.76356
"methane_mobilenet_v3.xmodel","manual_1637344528835",model_only,51,1,0,0,0,0,0,212.7276,0,0,0,212.7276
"methane_mobilenet_v3.xmodel","manual_1637344528835",model_only,52,2,0,0,0,0,0,209.9471,0,0,0,209.9471
"methane_mobilenet_v3.xmodel","manual_1637344528835",model_only,53,0,0,0,0,0,0,213.11434,0,0,0,213.11434
"methane_mobilenet_v3.xmodel","manual_1637344528835",model_only,54,3,0,0,0,0,0,209.77446,0,0,0,209.77446
"methane_mobilenet_v3.xmodel","manual_1637344528835",model_only,55,1,0,0,0,0,0,212.70045,0,0,0,212.70045
"methane_mobilenet_v3.xmodel","manual_1637344528835",model_only,56,2,0,0,0,0,0,209.59502,0,0,0,209.59502
"methane_mobilenet_v3.xmodel","manual_1637344528835",model_only,57,0,0,0,0,0,0,212.81749,0,0,0,212.81749
"methane_mobilenet_v3.xmodel","manual_1637344528835",model_only,58,3,0,0,0,0,0,210.04544,0,0,0,210.04544
"methane_mobilenet_v3.xmodel","manual_1637344528835",model_only,59,1,0,0,0,0,0,213.28732,0,0,0,213.28732
"methane_mobilenet_v3.xmodel","manual_1637344528835",model_only,60,2,0,0,0,0,0,209.70052,0,0,0,209.70052
"methane_mobilenet_v3.xmodel","manual_1637344528835",model_only,61,0,0,0,0,0,0,213.35915,0,0,0,213.35915
"methane_mobilenet_v3.xmodel","manual_1637344528835",model_only,62,3,0,0,0,0,0,210.21569,0,0,0,210.21569
"methane_mobilenet_v3.xmodel","manual_1637344528835",model_only,63,1,0,0,0,0,0,213.96013,0,0,0,213.96013
"methane_mobilenet_v3.xmodel","manual_1637344528835",model_only,64,2,0,0,0,0,0,209.69282,0,0,0,209.69282
"methane_mobilenet_v3.xmodel","manual_1637344528835",model_only,65,0,0,0,0,0,0,213.14412,0,0,0,213.14412
"methane_mobilenet_v3.xmodel","manual_1637344528835",model_only,66,3,0,0,0,0,0,209.9682,0,0,0,209.9682
"methane_mobilenet_v3.xmodel","manual_1637344528835",model_only,67,1,0,0,0,0,0,213.35395,0,0,0,213.35395
"methane_mobilenet_v3.xmodel","manual_1637344528835",model_only,68,2,0,0,0,0,0,210.00314,0,0,0,210.00314
"methane_mobilenet_v3.xmodel","manual_1637344528835",model_only,69,0,0,0,0,0,0,213.39754,0,0,0,213.39754
"methane_mobilenet_v3.xmodel","manual_1637344528835",model_only,70,3,0,0,0,0,0,209.93899,0,0,0,209.93899
"methane_mobilenet_v3.xmodel","manual_1637344528835",model_only,71,1,0,0,0,0,0,213.69636,0,0,0,213.69636
"methane_mobilenet_v3.xmodel","manual_1637344528835",model_only,72,2,0,0,0,0,0,209.33519,0,0,0,209.33519
"methane_mobilenet_v3.xmodel","manual_1637344528835",model_only,73,0,0,0,0,0,0,213.28714,0,0,0,213.28714
"methane_mobilenet_v3.xmodel","manual_1637344528835",model_only,74,3,0,0,0,0,0,209.78765,0,0,0,209.78765
"methane_mobilenet_v3.xmodel","manual_1637344528835",model_only,75,1,0,0,0,0,0,213.39143,0,0,0,213.39143
"methane_mobilenet_v3.xmodel","manual_1637344528835",model_only,76,2,0,0,0,0,0,209.29648,0,0,0,209.29648
"methane_mobilenet_v3.xmodel","manual_1637344528835",model_only,77,0,0,0,0,0,0,213.1535,0,0,0,213.1535
"methane_mobilenet_v3.xmodel","manual_1637344528835",model_only,78,3,0,0,0,0,0,209.86298,0,0,0,209.86298
"methane_mobilenet_v3.xmodel","manual_1637344528835",model_only,79,1,0,0,0,0,0,212.47522,0,0,0,212.47522
"methane_mobilenet_v3.xmodel","manual_1637344528835",model_only,80,2,0,0,0,0,0,209.57669,0,0,0,209.57669
"methane_mobilenet_v3.xmodel","manual_1637344528835",model_only,81,0,0,0,0,0,0,212.46342,0,0,0,212.46342
"methane_mobilenet_v3.xmodel","manual_1637344528835",model_only,82,3,0,0,0,0,0,209.85249,0,0,0,209.85249
"methane_mobilenet_v3.xmodel","manual_1637344528835",model_only,83,1,0,0,0,0,0,212.74068,0,0,0,212.74068
"methane_mobilenet_v3.xmodel","manual_1637344528835",model_only,84,2,0,0,0,0,0,209.39785,0,0,0,209.39785
"methane_mobilenet_v3.xmodel","manual_1637344528835",model_only,85,0,0,0,0,0,0,212.31902,0,0,0,212.31902
"methane_mobilenet_v3.xmodel","manual_1637344528835",model_only,86,3,0,0,0,0,0,210.19513,0,0,0,210.19513
"methane_mobilenet_v3.xmodel","manual_1637344528835",model_only,87,1,0,0,0,0,0,212.45998,0,0,0,212.45998
"methane_mobilenet_v3.xmodel","manual_1637344528835",model_only,88,2,0,0,0,0,0,209.37778,0,0,0,209.37778
"methane_mobilenet_v3.xmodel","manual_1637344528835",model_only,89,0,0,0,0,0,0,212.51885,0,0,0,212.51885
"methane_mobilenet_v3.xmodel","manual_1637344528835",model_only,90,3,0,0,0,0,0,209.58507,0,0,0,209.58507
"methane_mobilenet_v3.xmodel","manual_1637344528835",model_only,91,1,0,0,0,0,0,212.687,0,0,0,212.687
"methane_mobilenet_v3.xmodel","manual_1637344528835",model_only,92,2,0,0,0,0,0,209.34414,0,0,0,209.34414
"methane_mobilenet_v3.xmodel","manual_1637344528835",model_only,93,0,0,0,0,0,0,212.93391,0,0,0,212.93391
"methane_mobilenet_v3.xmodel","manual_1637344528835",model_only,94,3,0,0,0,0,0,209.5682,0,0,0,209.5682
"methane_mobilenet_v3.xmodel","manual_1637344528835",model_only,95,1,0,0,0,0,0,212.76005,0,0,0,212.76005
"methane_mobilenet_v3.xmodel","manual_1637344528835",model_only,96,2,0,0,0,0,0,209.25158,0,0,0,209.25158
"methane_mobilenet_v3.xmodel","manual_1637344528835",model_only,97,0,0,0,0,0,0,213.12572,0,0,0,213.12572
"methane_mobilenet_v3.xmodel","manual_1637344528835",model_only,98,3,0,0,0,0,0,209.77959,0,0,0,209.77959
"methane_mobilenet_v3.xmodel","manual_1637344528835",model_only,99,1,0,0,0,0,0,213.10895,0,0,0,213.10895
"methane_mobilenet_v3.xmodel","manual_1637344528835",model_only,100,2,0,0,0,0,0,209.44382,0,0,0,209.44382
"methane_mobilenet_v3.xmodel","manual_1637344528835",model_only,101,0,0,0,0,0,0,212.6982,0,0,0,212.6982
"methane_mobilenet_v3.xmodel","manual_1637344528835",model_only,102,3,0,0,0,0,0,209.60347,0,0,0,209.60347
"methane_mobilenet_v3.xmodel","manual_1637344528835",model_only,103,1,0,0,0,0,0,212.86366,0,0,0,212.86366
"methane_mobilenet_v3.xmodel","manual_1637344528835",model_only,104,2,0,0,0,0,0,209.43327,0,0,0,209.43327
"methane_mobilenet_v3.xmodel","manual_1637344528835",model_only,105,0,0,0,0,0,0,213.25246,0,0,0,213.25246
"methane_mobilenet_v3.xmodel","manual_1637344528835",model_only,106,3,0,0,0,0,0,209.49408,0,0,0,209.49408
"methane_mobilenet_v3.xmodel","manual_1637344528835",model_only,107,1,0,0,0,0,0,212.92981,0,0,0,212.92981
"methane_mobilenet_v3.xmodel","manual_1637344528835",model_only,108,2,0,0,0,0,0,209.4244,0,0,0,209.4244
"methane_mobilenet_v3.xmodel","manual_1637344528835",model_only,109,0,0,0,0,0,0,212.54681,0,0,0,212.54681
"methane_mobilenet_v3.xmodel","manual_1637344528835",model_only,110,3,0,0,0,0,0,209.74312,0,0,0,209.74312
"methane_mobilenet_v3.xmodel","manual_1637344528835",model_only,111,1,0,0,0,0,0,212.53465,0,0,0,212.53465
"methane_mobilenet_v3.xmodel","manual_1637344528835",model_only,112,2,0,0,0,0,0,209.47129,0,0,0,209.47129
"methane_mobilenet_v3.xmodel","manual_1637344528835",model_only,113,0,0,0,0,0,0,212.34303,0,0,0,212.34303
"methane_mobilenet_v3.xmodel","manual_1637344528835",model_only,114,3,0,0,0,0,0,209.53008,0,0,0,209.53008
"methane_mobilenet_v3.xmodel","manual_1637344528835",model_only,115,1,0,0,0,0,0,212.44504,0,0,0,212.44504
"methane_mobilenet_v3.xmodel","manual_1637344528835",model_only,116,2,0,0,0,0,0,209.51847,0,0,0,209.51847
"methane_mobilenet_v3.xmodel","manual_1637344528835",model_only,117,0,0,0,0,0,0,212.59724,0,0,0,212.59724
"methane_mobilenet_v3.xmodel","manual_1637344528835",model_only,118,3,0,0,0,0,0,209.50347,0,0,0,209.50347
"methane_mobilenet_v3.xmodel","manual_1637344528835",model_only,119,1,0,0,0,0,0,212.46646,0,0,0,212.46646
"methane_mobilenet_v3.xmodel","manual_1637344528835",model_only,120,2,0,0,0,0,0,209.35439,0,0,0,209.35439
"methane_mobilenet_v3.xmodel","manual_1637344528835",model_only,121,0,0,0,0,0,0,212.71832,0,0,0,212.71832
"methane_mobilenet_v3.xmodel","manual_1637344528835",model_only,122,3,0,0,0,0,0,209.34216,0,0,0,209.34216
"methane_mobilenet_v3.xmodel","manual_1637344528835",model_only,123,1,0,0,0,0,0,213.99194,0,0,0,213.99194
"methane_mobilenet_v3.xmodel","manual_1637344528835",model_only,124,2,0,0,0,0,0,209.59102,0,0,0,209.59102
"methane_mobilenet_v3.xmodel","manual_1637344528835",model_only,125,0,0,0,0,0,0,213.35046,0,0,0,213.35046
"methane_mobilenet_v3.xmodel","manual_1637344528835",model_only,126,3,0,0,0,0,0,209.72575,0,0,0,209.72575
"methane_mobilenet_v3.xmodel","manual_1637344528835",model_only,127,2,0,0,0,0,0,209.81166,0,0,0,209.81166
"methane_mobilenet_v3.xmodel","manual_1637344528835",model_only,128,1,0,0,0,0,0,213.57642,0,0,0,213.57642
"methane_mobilenet_v3.xmodel","manual_1637344528835",model_only,129,3,0,0,0,0,0,210.08374,0,0,0,210.08374
"methane_mobilenet_v3.xmodel","manual_1637344528835",model_only,130,0,0,0,0,0,0,212.64045,0,0,0,212.64045
"methane_mobilenet_v3.xmodel","manual_1637344528835",model_only,131,2,0,0,0,0,0,209.69441,0,0,0,209.69441
"methane_mobilenet_v3.xmodel","manual_1637344528835",model_only,132,1,0,0,0,0,0,212.70456,0,0,0,212.70456
"methane_mobilenet_v3.xmodel","manual_1637344528835",model_only,133,3,0,0,0,0,0,209.97047,0,0,0,209.97047
"methane_mobilenet_v3.xmodel","manual_1637344528835",model_only,134,0,0,0,0,0,0,212.92077,0,0,0,212.92077
"methane_mobilenet_v3.xmodel","manual_1637344528835",model_only,135,2,0,0,0,0,0,209.05244,0,0,0,209.05244
"methane_mobilenet_v3.xmodel","manual_1637344528835",model_only,136,1,0,0,0,0,0,212.73858,0,0,0,212.73858
"methane_mobilenet_v3.xmodel","manual_1637344528835",model_only,137,3,0,0,0,0,0,209.54766,0,0,0,209.54766
"methane_mobilenet_v3.xmodel","manual_1637344528835",model_only,138,0,0,0,0,0,0,213.09915,0,0,0,213.09915
"methane_mobilenet_v3.xmodel","manual_1637344528835",model_only,139,2,0,0,0,0,0,209.26033,0,0,0,209.26033
"methane_mobilenet_v3.xmodel","manual_1637344528835",model_only,140,1,0,0,0,0,0,212.72689,0,0,0,212.72689
"methane_mobilenet_v3.xmodel","manual_1637344528835",model_only,141,3,0,0,0,0,0,209.08532,0,0,0,209.08532
"methane_mobilenet_v3.xmodel","manual_1637344528835",model_only,142,0,0,0,0,0,0,213.10362,0,0,0,213.10362
"methane_mobilenet_v3.xmodel","manual_1637344528835",model_only,143,2,0,0,0,0,0,209.59263,0,0,0,209.59263
"methane_mobilenet_v3.xmodel","manual_1637344528835",model_only,144,1,0,0,0,0,0,213.21125,0,0,0,213.21125
"methane_mobilenet_v3.xmodel","manual_1637344528835",model_only,145,3,0,0,0,0,0,209.42782,0,0,0,209.42782
"methane_mobilenet_v3.xmodel","manual_1637344528835",model_only,146,0,0,0,0,0,0,212.64876,0,0,0,212.64876
"methane_mobilenet_v3.xmodel","manual_1637344528835",model_only,147,2,0,0,0,0,0,209.54945,0,0,0,209.54945
"methane_mobilenet_v3.xmodel","manual_1637344528835",model_only,148,1,0,0,0,0,0,212.80197,0,0,0,212.80197
"methane_mobilenet_v3.xmodel","manual_1637344528835",model_only,149,3,0,0,0,0,0,209.80119,0,0,0,209.80119
"methane_mobilenet_v3.xmodel","manual_1637344528835",model_only,150,0,0,0,0,0,0,212.70199,0,0,0,212.70199
"methane_mobilenet_v3.xmodel","manual_1637344528835",model_only,151,2,0,0,0,0,0,209.23553,0,0,0,209.23553
"methane_mobilenet_v3.xmodel","manual_1637344528835",model_only,152,1,0,0,0,0,0,212.69848,0,0,0,212.69848
"methane_mobilenet_v3.xmodel","manual_1637344528835",model_only,153,3,0,0,0,0,0,209.58768,0,0,0,209.58768
"methane_mobilenet_v3.xmodel","manual_1637344528835",model_only,154,0,0,0,0,0,0,212.65145,0,0,0,212.65145
"methane_mobilenet_v3.xmodel","manual_1637344528835",model_only,155,2,0,0,0,0,0,209.53061,0,0,0,209.53061
"methane_mobilenet_v3.xmodel","manual_1637344528835",model_only,156,1,0,0,0,0,0,212.96711,0,0,0,212.96711
"methane_mobilenet_v3.xmodel","manual_1637344528835",model_only,157,3,0,0,0,0,0,209.54262,0,0,0,209.54262
"methane_mobilenet_v3.xmodel","manual_1637344528835",model_only,158,0,0,0,0,0,0,212.97491,0,0,0,212.97491
"methane_mobilenet_v3.xmodel","manual_1637344528835",model_only,159,2,0,0,0,0,0,209.17398,0,0,0,209.17398
"methane_mobilenet_v3.xmodel","manual_1637344528835",model_only,160,1,0,0,0,0,0,212.9639,0,0,0,212.9639
"methane_mobilenet_v3.xmodel","manual_1637344528835",model_only,161,3,0,0,0,0,0,209.57082,0,0,0,209.57082
"methane_mobilenet_v3.xmodel","manual_1637344528835",model_only,162,0,0,0,0,0,0,213.26497,0,0,0,213.26497
"methane_mobilenet_v3.xmodel","manual_1637344528835",model_only,163,2,0,0,0,0,0,209.22592,0,0,0,209.22592
"methane_mobilenet_v3.xmodel","manual_1637344528835",model_only,164,1,0,0,0,0,0,213.23843,0,0,0,213.23843
"methane_mobilenet_v3.xmodel","manual_1637344528835",model_only,165,3,0,0,0,0,0,209.47032,0,0,0,209.47032
"methane_mobilenet_v3.xmodel","manual_1637344528835",model_only,166,0,0,0,0,0,0,212.98254,0,0,0,212.98254
"methane_mobilenet_v3.xmodel","manual_1637344528835",model_only,167,2,0,0,0,0,0,209.38827,0,0,0,209.38827
"methane_mobilenet_v3.xmodel","manual_1637344528835",model_only,168,1,0,0,0,0,0,213.18851,0,0,0,213.18851
"methane_mobilenet_v3.xmodel","manual_1637344528835",model_only,169,3,0,0,0,0,0,209.53617,0,0,0,209.53617
"methane_mobilenet_v3.xmodel","manual_1637344528835",model_only,170,0,0,0,0,0,0,212.91144,0,0,0,212.91144
"methane_mobilenet_v3.xmodel","manual_1637344528835",model_only,171,2,0,0,0,0,0,209.51306,0,0,0,209.51306
"methane_mobilenet_v3.xmodel","manual_1637344528835",model_only,172,1,0,0,0,0,0,213.04537,0,0,0,213.04537
"methane_mobilenet_v3.xmodel","manual_1637344528835",model_only,173,3,0,0,0,0,0,209.81194,0,0,0,209.81194
"methane_mobilenet_v3.xmodel","manual_1637344528835",model_only,174,0,0,0,0,0,0,213.00936,0,0,0,213.00936
"methane_mobilenet_v3.xmodel","manual_1637344528835",model_only,175,2,0,0,0,0,0,209.75587,0,0,0,209.75587
"methane_mobilenet_v3.xmodel","manual_1637344528835",model_only,176,1,0,0,0,0,0,212.54091,0,0,0,212.54091
"methane_mobilenet_v3.xmodel","manual_1637344528835",model_only,177,3,0,0,0,0,0,210.29487,0,0,0,210.29487
"methane_mobilenet_v3.xmodel","manual_1637344528835",model_only,178,0,0,0,0,0,0,212.70295,0,0,0,212.70295
"methane_mobilenet_v3.xmodel","manual_1637344528835",model_only,179,2,0,0,0,0,0,209.9104,0,0,0,209.9104
"methane_mobilenet_v3.xmodel","manual_1637344528835",model_only,180,1,0,0,0,0,0,212.5705,0,0,0,212.5705
"methane_mobilenet_v3.xmodel","manual_1637344528835",model_only,181,3,0,0,0,0,0,210.0892,0,0,0,210.0892
"methane_mobilenet_v3.xmodel","manual_1637344528835",model_only,182,0,0,0,0,0,0,213.07256,0,0,0,213.07256
"methane_mobilenet_v3.xmodel","manual_1637344528835",model_only,183,2,0,0,0,0,0,209.74884,0,0,0,209.74884
"methane_mobilenet_v3.xmodel","manual_1637344528835",model_only,184,1,0,0,0,0,0,212.8186,0,0,0,212.8186
"methane_mobilenet_v3.xmodel","manual_1637344528835",model_only,185,3,0,0,0,0,0,209.79799,0,0,0,209.79799
"methane_mobilenet_v3.xmodel","manual_1637344528835",model_only,186,0,0,0,0,0,0,212.5462,0,0,0,212.5462
"methane_mobilenet_v3.xmodel","manual_1637344528835",model_only,187,2,0,0,0,0,0,209.57667,0,0,0,209.57667
"methane_mobilenet_v3.xmodel","manual_1637344528835",model_only,188,1,0,0,0,0,0,213.20156,0,0,0,213.20156
"methane_mobilenet_v3.xmodel","manual_1637344528835",model_only,189,3,0,0,0,0,0,210.09098,0,0,0,210.09098
"methane_mobilenet_v3.xmodel","manual_1637344528835",model_only,190,0,0,0,0,0,0,213.66158,0,0,0,213.66158
"methane_mobilenet_v3.xmodel","manual_1637344528835",model_only,191,2,0,0,0,0,0,209.44861,0,0,0,209.44861
"methane_mobilenet_v3.xmodel","manual_1637344528835",model_only,192,1,0,0,0,0,0,213.48431,0,0,0,213.48431
"methane_mobilenet_v3.xmodel","manual_1637344528835",model_only,193,3,0,0,0,0,0,209.96201,0,0,0,209.96201
"methane_mobilenet_v3.xmodel","manual_1637344528835",model_only,194,0,0,0,0,0,0,213.2319,0,0,0,213.2319
"methane_mobilenet_v3.xmodel","manual_1637344528835",model_only,195,2,0,0,0,0,0,209.24883,0,0,0,209.24883
"methane_mobilenet_v3.xmodel","manual_1637344528835",model_only,196,1,0,0,0,0,0,213.34691,0,0,0,213.34691
"methane_mobilenet_v3.xmodel","manual_1637344528835",model_only,197,3,0,0,0,0,0,209.53837,0,0,0,209.53837
"methane_mobilenet_v3.xmodel","manual_1637344528835",model_only,198,0,0,0,0,0,0,213.26633,0,0,0,213.26633
"methane_mobilenet_v3.xmodel","manual_1637344528835",model_only,199,2,0,0,0,0,0,209.60303,0,0,0,209.60303
"methane_mobilenet_v3.xmodel","manual_1637344528835",model_only,200,1,0,0,0,0,0,213.33454,0,0,0,213.33454
"methane_mobilenet_v3.xmodel","manual_1637344528835",model_only,201,3,0,0,0,0,0,209.57409,0,0,0,209.57409
"methane_mobilenet_v3.xmodel","manual_1637344528835",model_only,202,0,0,0,0,0,0,213.42685,0,0,0,213.42685
"methane_mobilenet_v3.xmodel","manual_1637344528835",model_only,203,2,0,0,0,0,0,209.6366,0,0,0,209.6366
"methane_mobilenet_v3.xmodel","manual_1637344528835",model_only,204,1,0,0,0,0,0,212.92956,0,0,0,212.92956
"methane_mobilenet_v3.xmodel","manual_1637344528835",model_only,205,3,0,0,0,0,0,209.76636,0,0,0,209.76636
"methane_mobilenet_v3.xmodel","manual_1637344528835",model_only,206,0,0,0,0,0,0,212.49193,0,0,0,212.49193
"methane_mobilenet_v3.xmodel","manual_1637344528835",model_only,207,2,0,0,0,0,0,209.34655,0,0,0,209.34655
"methane_mobilenet_v3.xmodel","manual_1637344528835",model_only,208,1,0,0,0,0,0,212.3798,0,0,0,212.3798
"methane_mobilenet_v3.xmodel","manual_1637344528835",model_only,209,3,0,0,0,0,0,209.72185,0,0,0,209.72185
"methane_mobilenet_v3.xmodel","manual_1637344528835",model_only,210,0,0,0,0,0,0,212.417,0,0,0,212.417
"methane_mobilenet_v3.xmodel","manual_1637344528835",model_only,211,2,0,0,0,0,0,209.39538,0,0,0,209.39538
"methane_mobilenet_v3.xmodel","manual_1637344528835",model_only,212,1,0,0,0,0,0,212.56264,0,0,0,212.56264
"methane_mobilenet_v3.xmodel","manual_1637344528835",model_only,213,3,0,0,0,0,0,209.88689,0,0,0,209.88689
"methane_mobilenet_v3.xmodel","manual_1637344528835",model_only,214,0,0,0,0,0,0,212.42211,0,0,0,212.42211
"methane_mobilenet_v3.xmodel","manual_1637344528835",model_only,215,2,0,0,0,0,0,209.33641,0,0,0,209.33641
"methane_mobilenet_v3.xmodel","manual_1637344528835",model_only,216,1,0,0,0,0,0,212.9677,0,0,0,212.9677
"methane_mobilenet_v3.xmodel","manual_1637344528835",model_only,217,3,0,0,0,0,0,209.3521,0,0,0,209.3521
"methane_mobilenet_v3.xmodel","manual_1637344528835",model_only,218,0,0,0,0,0,0,212.92378,0,0,0,212.92378
"methane_mobilenet_v3.xmodel","manual_1637344528835",model_only,219,2,0,0,0,0,0,209.40384,0,0,0,209.40384
"methane_mobilenet_v3.xmodel","manual_1637344528835",model_only,220,1,0,0,0,0,0,213.20622,0,0,0,213.20622
"methane_mobilenet_v3.xmodel","manual_1637344528835",model_only,221,3,0,0,0,0,0,209.57843,0,0,0,209.57843
"methane_mobilenet_v3.xmodel","manual_1637344528835",model_only,222,0,0,0,0,0,0,212.8164,0,0,0,212.8164
"methane_mobilenet_v3.xmodel","manual_1637344528835",model_only,223,2,0,0,0,0,0,209.41669,0,0,0,209.41669
"methane_mobilenet_v3.xmodel","manual_1637344528835",model_only,224,1,0,0,0,0,0,212.76951,0,0,0,212.76951
"methane_mobilenet_v3.xmodel","manual_1637344528835",model_only,225,3,0,0,0,0,0,209.71636,0,0,0,209.71636
"methane_mobilenet_v3.xmodel","manual_1637344528835",model_only,226,0,0,0,0,0,0,212.65354,0,0,0,212.65354
"methane_mobilenet_v3.xmodel","manual_1637344528835",model_only,227,2,0,0,0,0,0,209.14742,0,0,0,209.14742
"methane_mobilenet_v3.xmodel","manual_1637344528835",model_only,228,1,0,0,0,0,0,212.87012,0,0,0,212.87012
"methane_mobilenet_v3.xmodel","manual_1637344528835",model_only,229,3,0,0,0,0,0,209.70564,0,0,0,209.70564
"methane_mobilenet_v3.xmodel","manual_1637344528835",model_only,230,0,0,0,0,0,0,212.85364,0,0,0,212.85364
"methane_mobilenet_v3.xmodel","manual_1637344528835",model_only,231,2,0,0,0,0,0,209.3219,0,0,0,209.3219
"methane_mobilenet_v3.xmodel","manual_1637344528835",model_only,232,1,0,0,0,0,0,213.08808,0,0,0,213.08808
"methane_mobilenet_v3.xmodel","manual_1637344528835",model_only,233,3,0,0,0,0,0,209.26011,0,0,0,209.26011
"methane_mobilenet_v3.xmodel","manual_1637344528835",model_only,234,0,0,0,0,0,0,212.77372,0,0,0,212.77372
"methane_mobilenet_v3.xmodel","manual_1637344528835",model_only,235,2,0,0,0,0,0,209.34636,0,0,0,209.34636
"methane_mobilenet_v3.xmodel","manual_1637344528835",model_only,236,1,0,0,0,0,0,212.91218,0,0,0,212.91218
"methane_mobilenet_v3.xmodel","manual_1637344528835",model_only,237,3,0,0,0,0,0,211.11991,0,0,0,211.11991
"methane_mobilenet_v3.xmodel","manual_1637344528835",model_only,238,0,0,0,0,0,0,212.91105,0,0,0,212.91105
"methane_mobilenet_v3.xmodel","manual_1637344528835",model_only,239,2,0,0,0,0,0,209.48121,0,0,0,209.48121
"methane_mobilenet_v3.xmodel","manual_1637344528835",model_only,240,1,0,0,0,0,0,212.7026,0,0,0,212.7026
"methane_mobilenet_v3.xmodel","manual_1637344528835",model_only,241,3,0,0,0,0,0,209.67446,0,0,0,209.67446
"methane_mobilenet_v3.xmodel","manual_1637344528835",model_only,242,0,0,0,0,0,0,212.64062,0,0,0,212.64062
"methane_mobilenet_v3.xmodel","manual_1637344528835",model_only,243,2,0,0,0,0,0,209.53805,0,0,0,209.53805
"methane_mobilenet_v3.xmodel","manual_1637344528835",model_only,244,1,0,0,0,0,0,212.51898,0,0,0,212.51898
"methane_mobilenet_v3.xmodel","manual_1637344528835",model_only,245,3,0,0,0,0,0,209.58915,0,0,0,209.58915
"methane_mobilenet_v3.xmodel","manual_1637344528835",model_only,246,0,0,0,0,0,0,212.59348,0,0,0,212.59348
"methane_mobilenet_v3.xmodel","manual_1637344528835",model_only,247,2,0,0,0,0,0,209.10521,0,0,0,209.10521
"methane_mobilenet_v3.xmodel","manual_1637344528835",model_only,248,1,0,0,0,0,0,212.849,0,0,0,212.849
"methane_mobilenet_v3.xmodel","manual_1637344528835",model_only,249,3,0,0,0,0,0,209.65057,0,0,0,209.65057
"methane_mobilenet_v3.xmodel","manual_1637344528835",model_only,250,0,0,0,0,0,0,213.61576,0,0,0,213.61576
"methane_mobilenet_v3.xmodel","manual_1637344528835",model_only,251,2,0,0,0,0,0,209.70598,0,0,0,209.70598
"methane_mobilenet_v3.xmodel","manual_1637344528835",model_only,252,1,0,0,0,0,0,214.01089,0,0,0,214.01089
"methane_mobilenet_v3.xmodel","manual_1637344528835",model_only,253,3,0,0,0,0,0,209.81524,0,0,0,209.81524
"methane_mobilenet_v3.xmodel","manual_1637344528835",model_only,254,2,0,0,0,0,0,209.79582,0,0,0,209.79582
"methane_mobilenet_v3.xmodel","manual_1637344528835",model_only,255,0,0,0,0,0,0,212.9986,0,0,0,212.9986
"methane_mobilenet_v3.xmodel","manual_1637344528835",model_only,256,3,0,0,0,0,0,210.21439,0,0,0,210.21439
"methane_mobilenet_v3.xmodel","manual_1637344528835",model_only,257,1,0,0,0,0,0,212.70075,0,0,0,212.70075
"methane_mobilenet_v3.xmodel","manual_1637344528835",model_only,258,2,0,0,0,0,0,209.57609,0,0,0,209.57609
"methane_mobilenet_v3.xmodel","manual_1637344528835",model_only,259,0,0,0,0,0,0,212.78797,0,0,0,212.78797
"methane_mobilenet_v3.xmodel","manual_1637344528835",model_only,260,3,0,0,0,0,0,210.40309,0,0,0,210.40309
"methane_mobilenet_v3.xmodel","manual_1637344528835",model_only,261,1,0,0,0,0,0,212.91302,0,0,0,212.91302
"methane_mobilenet_v3.xmodel","manual_1637344528835",model_only,262,2,0,0,0,0,0,209.2129,0,0,0,209.2129
"methane_mobilenet_v3.xmodel","manual_1637344528835",model_only,263,0,0,0,0,0,0,212.74004,0,0,0,212.74004
"methane_mobilenet_v3.xmodel","manual_1637344528835",model_only,264,3,0,0,0,0,0,209.14239,0,0,0,209.14239
"methane_mobilenet_v3.xmodel","manual_1637344528835",model_only,265,1,0,0,0,0,0,212.84353,0,0,0,212.84353
"methane_mobilenet_v3.xmodel","manual_1637344528835",model_only,266,2,0,0,0,0,0,209.29455,0,0,0,209.29455
"methane_mobilenet_v3.xmodel","manual_1637344528835",model_only,267,0,0,0,0,0,0,212.72028,0,0,0,212.72028
"methane_mobilenet_v3.xmodel","manual_1637344528835",model_only,268,3,0,0,0,0,0,209.3974,0,0,0,209.3974
"methane_mobilenet_v3.xmodel","manual_1637344528835",model_only,269,1,0,0,0,0,0,213.07238,0,0,0,213.07238
"methane_mobilenet_v3.xmodel","manual_1637344528835",model_only,270,2,0,0,0,0,0,209.18345,0,0,0,209.18345
"methane_mobilenet_v3.xmodel","manual_1637344528835",model_only,271,0,0,0,0,0,0,213.04672,0,0,0,213.04672
"methane_mobilenet_v3.xmodel","manual_1637344528835",model_only,272,3,0,0,0,0,0,209.53435,0,0,0,209.53435
"methane_mobilenet_v3.xmodel","manual_1637344528835",model_only,273,1,0,0,0,0,0,212.40424,0,0,0,212.40424
"methane_mobilenet_v3.xmodel","manual_1637344528835",model_only,274,2,0,0,0,0,0,209.36632,0,0,0,209.36632
"methane_mobilenet_v3.xmodel","manual_1637344528835",model_only,275,0,0,0,0,0,0,212.80439,0,0,0,212.80439
"methane_mobilenet_v3.xmodel","manual_1637344528835",model_only,276,3,0,0,0,0,0,209.71233,0,0,0,209.71233
"methane_mobilenet_v3.xmodel","manual_1637344528835",model_only,277,1,0,0,0,0,0,212.89071,0,0,0,212.89071
"methane_mobilenet_v3.xmodel","manual_1637344528835",model_only,278,2,0,0,0,0,0,209.63111,0,0,0,209.63111
"methane_mobilenet_v3.xmodel","manual_1637344528835",model_only,279,0,0,0,0,0,0,212.91862,0,0,0,212.91862
"methane_mobilenet_v3.xmodel","manual_1637344528835",model_only,280,3,0,0,0,0,0,209.48963,0,0,0,209.48963
"methane_mobilenet_v3.xmodel","manual_1637344528835",model_only,281,1,0,0,0,0,0,212.82308,0,0,0,212.82308
"methane_mobilenet_v3.xmodel","manual_1637344528835",model_only,282,2,0,0,0,0,0,209.31238,0,0,0,209.31238
"methane_mobilenet_v3.xmodel","manual_1637344528835",model_only,283,0,0,0,0,0,0,212.87521,0,0,0,212.87521
"methane_mobilenet_v3.xmodel","manual_1637344528835",model_only,284,3,0,0,0,0,0,209.86451,0,0,0,209.86451
"methane_mobilenet_v3.xmodel","manual_1637344528835",model_only,285,1,0,0,0,0,0,213.14553,0,0,0,213.14553
"methane_mobilenet_v3.xmodel","manual_1637344528835",model_only,286,2,0,0,0,0,0,209.34685,0,0,0,209.34685
"methane_mobilenet_v3.xmodel","manual_1637344528835",model_only,287,0,0,0,0,0,0,213.09445,0,0,0,213.09445
"methane_mobilenet_v3.xmodel","manual_1637344528835",model_only,288,3,0,0,0,0,0,209.83991,0,0,0,209.83991
"methane_mobilenet_v3.xmodel","manual_1637344528835",model_only,289,1,0,0,0,0,0,212.90257,0,0,0,212.90257
"methane_mobilenet_v3.xmodel","manual_1637344528835",model_only,290,2,0,0,0,0,0,209.30478,0,0,0,209.30478
"methane_mobilenet_v3.xmodel","manual_1637344528835",model_only,291,0,0,0,0,0,0,213.04681,0,0,0,213.04681
"methane_mobilenet_v3.xmodel","manual_1637344528835",model_only,292,3,0,0,0,0,0,209.35521,0,0,0,209.35521
"methane_mobilenet_v3.xmodel","manual_1637344528835",model_only,293,1,0,0,0,0,0,212.96189,0,0,0,212.96189
"methane_mobilenet_v3.xmodel","manual_1637344528835",model_only,294,2,0,0,0,0,0,209.34985,0,0,0,209.34985
"methane_mobilenet_v3.xmodel","manual_1637344528835",model_only,295,0,0,0,0,0,0,213.27374,0,0,0,213.27374
"methane_mobilenet_v3.xmodel","manual_1637344528835",model_only,296,3,0,0,0,0,0,209.4917,0,0,0,209.4917
"methane_mobilenet_v3.xmodel","manual_1637344528835",model_only,297,1,0,0,0,0,0,213.00024,0,0,0,213.00024
"methane_mobilenet_v3.xmodel","manual_1637344528835",model_only,298,2,0,0,0,0,0,209.58883,0,0,0,209.58883
"methane_mobilenet_v3.xmodel","manual_1637344528835",model_only,299,0,0,0,0,0,0,212.77928,0,0,0,212.77928
"methane_mobilenet_v3.xmodel","manual_1637344528835",model_only,300,3,0,0,0,0,0,209.75526,0,0,0,209.75526
"methane_mobilenet_v3.xmodel","manual_1637344528835",model_only,301,1,0,0,0,0,0,212.80238,0,0,0,212.80238
"methane_mobilenet_v3.xmodel","manual_1637344528835",model_only,302,2,0,0,0,0,0,209.57366,0,0,0,209.57366
"methane_mobilenet_v3.xmodel","manual_1637344528835",model_only,303,0,0,0,0,0,0,212.85121,0,0,0,212.85121
"methane_mobilenet_v3.xmodel","manual_1637344528835",model_only,304,3,0,0,0,0,0,209.88393,0,0,0,209.88393
"methane_mobilenet_v3.xmodel","manual_1637344528835",model_only,305,1,0,0,0,0,0,212.46153,0,0,0,212.46153
"methane_mobilenet_v3.xmodel","manual_1637344528835",model_only,306,2,0,0,0,0,0,209.72026,0,0,0,209.72026
"methane_mobilenet_v3.xmodel","manual_1637344528835",model_only,307,0,0,0,0,0,0,212.53824,0,0,0,212.53824
"methane_mobilenet_v3.xmodel","manual_1637344528835",model_only,308,3,0,0,0,0,0,210.02474,0,0,0,210.02474
"methane_mobilenet_v3.xmodel","manual_1637344528835",model_only,309,1,0,0,0,0,0,212.68424,0,0,0,212.68424
"methane_mobilenet_v3.xmodel","manual_1637344528835",model_only,310,2,0,0,0,0,0,209.45051,0,0,0,209.45051
"methane_mobilenet_v3.xmodel","manual_1637344528835",model_only,311,0,0,0,0,0,0,212.77382,0,0,0,212.77382
"methane_mobilenet_v3.xmodel","manual_1637344528835",model_only,312,3,0,0,0,0,0,209.70072,0,0,0,209.70072
"methane_mobilenet_v3.xmodel","manual_1637344528835",model_only,313,1,0,0,0,0,0,212.87166,0,0,0,212.87166
"methane_mobilenet_v3.xmodel","manual_1637344528835",model_only,314,2,0,0,0,0,0,209.44653,0,0,0,209.44653
"methane_mobilenet_v3.xmodel","manual_1637344528835",model_only,315,0,0,0,0,0,0,213.42217,0,0,0,213.42217
"methane_mobilenet_v3.xmodel","manual_1637344528835",model_only,316,3,0,0,0,0,0,210.19498,0,0,0,210.19498
"methane_mobilenet_v3.xmodel","manual_1637344528835",model_only,317,1,0,0,0,0,0,213.73993,0,0,0,213.73993
"methane_mobilenet_v3.xmodel","manual_1637344528835",model_only,318,2,0,0,0,0,0,209.93251,0,0,0,209.93251
"methane_mobilenet_v3.xmodel","manual_1637344528835",model_only,319,0,0,0,0,0,0,213.68514,0,0,0,213.68514
"methane_mobilenet_v3.xmodel","manual_1637344528835",model_only,320,3,0,0,0,0,0,210.02125,0,0,0,210.02125
"methane_mobilenet_v3.xmodel","manual_1637344528835",model_only,321,1,0,0,0,0,0,212.9876,0,0,0,212.9876
"methane_mobilenet_v3.xmodel","manual_1637344528835",model_only,322,2,0,0,0,0,0,209.55031,0,0,0,209.55031
"methane_mobilenet_v3.xmodel","manual_1637344528835",model_only,323,0,0,0,0,0,0,217.15598,0,0,0,217.15598
"methane_mobilenet_v3.xmodel","manual_1637344528835",model_only,324,3,0,0,0,0,0,209.80883,0,0,0,209.80883
"methane_mobilenet_v3.xmodel","manual_1637344528835",model_only,325,1,0,0,0,0,0,213.82681,0,0,0,213.82681
"methane_mobilenet_v3.xmodel","manual_1637344528835",model_only,326,2,0,0,0,0,0,209.48043,0,0,0,209.48043
"methane_mobilenet_v3.xmodel","manual_1637344528835",model_only,327,0,0,0,0,0,0,213.91687,0,0,0,213.91687
"methane_mobilenet_v3.xmodel","manual_1637344528835",model_only,328,3,0,0,0,0,0,209.82708,0,0,0,209.82708
"methane_mobilenet_v3.xmodel","manual_1637344528835",model_only,329,1,0,0,0,0,0,213.26814,0,0,0,213.26814
"methane_mobilenet_v3.xmodel","manual_1637344528835",model_only,330,2,0,0,0,0,0,209.44423,0,0,0,209.44423
"methane_mobilenet_v3.xmodel","manual_1637344528835",model_only,331,0,0,0,0,0,0,213.42952,0,0,0,213.42952
"methane_mobilenet_v3.xmodel","manual_1637344528835",model_only,332,3,0,0,0,0,0,209.89094,0,0,0,209.89094
"methane_mobilenet_v3.xmodel","manual_1637344528835",model_only,333,1,0,0,0,0,0,213.16005,0,0,0,213.16005
"methane_mobilenet_v3.xmodel","manual_1637344528835",model_only,334,2,0,0,0,0,0,209.44231,0,0,0,209.44231
"methane_mobilenet_v3.xmodel","manual_1637344528835",model_only,335,0,0,0,0,0,0,212.85752,0,0,0,212.85752
"methane_mobilenet_v3.xmodel","manual_1637344528835",model_only,336,3,0,0,0,0,0,210.16179,0,0,0,210.16179
"methane_mobilenet_v3.xmodel","manual_1637344528835",model_only,337,1,0,0,0,0,0,213.00023,0,0,0,213.00023
"methane_mobilenet_v3.xmodel","manual_1637344528835",model_only,338,2,0,0,0,0,0,209.29692,0,0,0,209.29692
"methane_mobilenet_v3.xmodel","manual_1637344528835",model_only,339,0,0,0,0,0,0,213.0482,0,0,0,213.0482
"methane_mobilenet_v3.xmodel","manual_1637344528835",model_only,340,3,0,0,0,0,0,209.48373,0,0,0,209.48373
"methane_mobilenet_v3.xmodel","manual_1637344528835",model_only,341,1,0,0,0,0,0,213.40948,0,0,0,213.40948
"methane_mobilenet_v3.xmodel","manual_1637344528835",end_to_end,0,0,0.00133,130.6868,13.97103,212.49115,0.00056,214.27473,0.00061,0.05208,1.78199,573.26028
"methane_mobilenet_v3.xmodel","manual_1637344528835",end_to_end,1,1,0.00101,130.44315,12.8859,0.06766,0.00063,213.60858,0.00029,0.04255,1.75338,358.80315
"methane_mobilenet_v3.xmodel","manual_1637344528835",end_to_end,2,2,0.00153,120.69582,12.88073,0.05462,0.00021,211.37175,0.00033,0.04958,1.99622,347.05079
"methane_mobilenet_v3.xmodel","manual_1637344528835",end_to_end,3,3,0.00146,131.39603,17.41051,195.05017,0.00025,212.38486,0.0004,0.0533,1.97818,558.27516
"methane_mobilenet_v3.xmodel","manual_1637344528835",end_to_end,4,4,81.88574,118.05153,16.0848,78.30654,0.00026,214.37476,0.00043,0.0767,1.78913,510.56989
"methane_mobilenet_v3.xmodel","manual_1637344528835",end_to_end,5,5,197.13097,118.47945,13.15564,78.67258,0.00027,212.1678,0.00062,0.05031,2.01007,621.66771
"methane_mobilenet_v3.xmodel","manual_1637344528835",end_to_end,6,6,80.17614,119.59142,16.22809,76.70546,0.00092,214.18544,0.0007,0.04491,1.79492,508.728
"methane_mobilenet_v3.xmodel","manual_1637344528835",end_to_end,7,7,80.74545,118.4485,13.21962,78.42614,0.00026,211.50702,0.00043,0.05038,1.94056,504.33836
"methane_mobilenet_v3.xmodel","manual_1637344528835",end_to_end,8,8,78.57347,132.52754,13.08663,66.70559,0.00026,214.05263,0.0004,0.05006,1.80381,506.80039
"methane_mobilenet_v3.xmodel","manual_1637344528835",end_to_end,9,9,80.52033,132.11249,13.13219,64.16858,0.00029,212.25372,0.00043,0.05139,2.00143,504.24085
"methane_mobilenet_v3.xmodel","manual_1637344528835",end_to_end,10,10,68.57192,130.92147,13.18174,68.08463,0.00056,213.81512,0.00058,0.0418,1.84607,496.46389
"methane_mobilenet_v3.xmodel","manual_1637344528835",end_to_end,11,11,66.2009,128.24798,13.01241,68.96385,0.00029,211.80845,0.00046,0.05162,1.97633,490.26229
"methane_mobilenet_v3.xmodel","manual_1637344528835",end_to_end,12,12,69.96341,129.98665,13.15004,68.80606,0.00035,214.03032,0.00044,0.04451,1.7858,497.76758
"methane_mobilenet_v3.xmodel","manual_1637344528835",end_to_end,13,13,71.06304,127.26864,13.0275,69.41466,0.0003,211.2119,0.0003,0.04964,1.98213,494.01811
"methane_mobilenet_v3.xmodel","manual_1637344528835",end_to_end,14,14,70.77515,128.33999,13.25944,70.47089,0.00083,213.94562,0.00068,0.04296,1.76364,498.5992
"methane_mobilenet_v3.xmodel","manual_1637344528835",end_to_end,15,15,71.50497,124.63044,13.14058,71.35545,0.00026,211.02727,0.00031,0.04541,2.00437,493.70906
"methane_mobilenet_v3.xmodel","manual_1637344528835",end_to_end,16,16,72.26162,135.26788,13.23058,63.5962,0.00026,214.44202,0.0003,0.04513,1.79098,500.63497
"methane_mobilenet_v3.xmodel","manual_1637344528835",end_to_end,17,17,73.44141,139.86807,13.10252,55.97085,0.00052,211.22296,0.00029,0.04597,2.07321,495.7258
"methane_mobilenet_v3.xmodel","manual_1637344528835",end_to_end,18,18,65.42821,126.67009,13.14144,72.79818,0.00071,214.66414,0.00072,0.0442,1.78914,494.53683
"methane_mobilenet_v3.xmodel","manual_1637344528835",end_to_end,19,19,58.06459,125.3753,13.16722,70.59096,0.00026,211.24352,0.0003,0.03904,2.10725,480.58844
"methane_mobilenet_v3.xmodel","manual_1637344528835",end_to_end,20,20,74.67341,134.15887,13.0414,65.59125,0.00026,214.57552,0.00054,0.04129,1.75603,503.83857
"methane_mobilenet_v3.xmodel","manual_1637344528835",end_to_end,21,21,72.74911,132.15474,12.9978,63.93207,0.00032,211.92036,0.00028,0.04922,1.96552,495.76942
"methane_mobilenet_v3.xmodel","manual_1637344528835",end_to_end,22,22,67.38946,123.83563,13.387,75.49737,0.00055,214.97851,0.00046,0.04678,1.84372,496.97948
"methane_mobilenet_v3.xmodel","manual_1637344528835",end_to_end,23,23,66.18173,130.35223,13.38665,65.93443,0.00032,210.79413,0.00075,0.0601,1.95695,488.66729
"methane_mobilenet_v3.xmodel","manual_1637344528835",end_to_end,24,24,77.51976,134.01382,12.96212,65.98354,0.00038,214.64538,0.00032,0.0431,1.77153,506.93995
"methane_mobilenet_v3.xmodel","manual_1637344528835",end_to_end,25,25,67.93822,129.16255,13.13849,66.47736,0.00029,210.95422,0.00039,0.07599,1.99813,489.74564
"methane_mobilenet_v3.xmodel","manual_1637344528835",end_to_end,26,26,67.93952,139.55185,12.9707,60.16906,0.00043,214.09566,0.00055,0.04577,1.79591,496.56945
"methane_mobilenet_v3.xmodel","manual_1637344528835",end_to_end,27,27,68.51031,123.05939,13.13336,72.73987,0.00025,210.5116,0.00027,0.05268,2.01652,490.02425
"methane_mobilenet_v3.xmodel","manual_1637344528835",end_to_end,28,28,62.02052,135.60898,12.97865,63.65894,0.00027,214.68736,0.00029,0.07167,1.86035,490.88703
"methane_mobilenet_v3.xmodel","manual_1637344528835",end_to_end,29,29,74.81709,126.04652,13.24827,69.14757,0.00025,210.68365,0.00033,0.04884,1.95435,495.94687
"methane_mobilenet_v3.xmodel","manual_1637344528835",end_to_end,30,30,65.53194,124.98669,13.13729,74.69703,0.00031,214.38907,0.00057,0.04647,1.76254,494.55191
"methane_mobilenet_v3.xmodel","manual_1637344528835",end_to_end,31,31,71.21527,117.95953,13.80732,76.84847,0.00025,210.71466,0.00054,0.07874,1.97839,492.60317
"methane_mobilenet_v3.xmodel","manual_1637344528835",end_to_end,32,32,76.66157,145.71696,12.99804,53.71041,0.00025,214.78025,0.00041,0.05179,1.82216,505.74184
"methane_mobilenet_v3.xmodel","manual_1637344528835",end_to_end,33,33,78.86621,128.50658,13.48351,66.71437,0.00026,211.07214,0.00031,0.05366,2.01673,500.71377
"methane_mobilenet_v3.xmodel","manual_1637344528835",end_to_end,34,34,55.55044,120.64846,13.17769,79.11605,0.00045,214.06926,0.00072,0.0521,1.75978,484.37495
"methane_mobilenet_v3.xmodel","manual_1637344528835",end_to_end,35,35,68.79076,119.99712,14.0825,74.91886,0.00026,210.31796,0.00044,0.04731,1.95016,490.10537
"methane_mobilenet_v3.xmodel","manual_1637344528835",end_to_end,36,36,81.03133,142.39831,12.85596,56.89939,0.00025,214.06706,0.00053,0.05265,1.81788,509.12336
"methane_mobilenet_v3.xmodel","manual_1637344528835",end_to_end,37,37,76.98413,134.13395,13.26468,60.85717,0.00027,210.7647,0.00029,0.04813,2.00532,498.05864
"methane_mobilenet_v3.xmodel","manual_1637344528835",end_to_end,38,38,58.7478,130.78756,13.16937,68.26358,0.0003,213.4007,0.00058,0.05925,1.7801,486.20924
"methane_mobilenet_v3.xmodel","manual_1637344528835",end_to_end,39,39,62.88374,126.31834,13.85997,68.56428,0.00025,210.47563,0.00034,0.04924,2.04427,484.19606
"methane_mobilenet_v3.xmodel","manual_1637344528835",end_to_end,40,40,70.16786,139.13791,12.93478,59.4274,0.00027,213.64919,0.00053,0.05456,1.75606,497.12856
"methane_mobilenet_v3.xmodel","manual_1637344528835",end_to_end,41,41,70.62868,131.86272,13.8975,62.64823,0.00025,210.9307,0.00029,0.0497,1.97923,491.9973
"methane_mobilenet_v3.xmodel","manual_1637344528835",end_to_end,42,42,61.29413,128.96349,12.95718,69.86415,0.00054,213.40088,0.00072,0.04699,1.77852,488.3066
"methane_mobilenet_v3.xmodel","manual_1637344528835",end_to_end,43,43,64.74279,125.75746,13.35853,69.72292,0.00026,210.53024,0.00031,0.04804,2.04581,486.20636
"methane_mobilenet_v3.xmodel","manual_1637344528835",end_to_end,44,44,71.70207,138.07511,12.93309,60.55707,0.00026,213.44953,0.0004,0.04442,1.75801,498.51996
"methane_mobilenet_v3.xmodel","manual_1637344528835",end_to_end,45,45,71.76403,137.73625,13.85994,56.8926,0.00027,210.81194,0.00045,0.04187,2.03538,493.14273
"methane_mobilenet_v3.xmodel","manual_1637344528835",end_to_end,46,46,62.41906,122.76359,13.03313,75.78944,0.00057,213.20198,0.00057,0.03969,1.73098,488.97901
"methane_mobilenet_v3.xmodel","manual_1637344528835",end_to_end,47,47,59.02954,123.00083,12.98741,72.68811,0.00027,210.28626,0.00031,0.0441,1.96038,479.99721
"methane_mobilenet_v3.xmodel","manual_1637344528835",end_to_end,48,48,142.58726,129.73864,12.7944,65.67367,0.00026,210.99759,0.00048,0.04074,1.89914,563.73218
"methane_mobilenet_v3.xmodel","manual_1637344528835",end_to_end,49,49,9.79237,129.89298,13.12874,68.35321,0.00025,213.06977,0.0004,0.04354,1.74,436.02126
"methane_mobilenet_v3.xmodel","manual_1637344528835",end_to_end,50,50,70.14887,127.27044,13.05745,70.94591,0.00056,213.35238,0.00056,0.04666,1.71145,496.53428
"methane_mobilenet_v3.xmodel","manual_1637344528835",end_to_end,51,51,67.70281,123.89447,12.84543,72.22762,0.00032,210.87823,0.00034,0.04972,2.02306,489.622
"methane_mobilenet_v3.xmodel","manual_1637344528835",end_to_end,52,52,72.76995,133.50092,13.13926,64.88978,0.00025,213.37758,0.0003,0.04694,1.76654,499.49152
"methane_mobilenet_v3.xmodel","manual_1637344528835",end_to_end,53,53,74.22244,130.563,12.78558,65.53838,0.00026,210.55705,0.00031,0.0506,1.96101,495.67863
"methane_mobilenet_v3.xmodel","manual_1637344528835",end_to_end,54,54,66.68288,128.85918,13.06679,69.65682,0.00052,213.58641,0.00068,0.04004,1.72635,493.61967
"methane_mobilenet_v3.xmodel","manual_1637344528835",end_to_end,55,55,67.63285,126.26022,12.88987,69.31577,0.00027,210.35887,0.0004,0.046,1.99769,488.50194
"methane_mobilenet_v3.xmodel","manual_1637344528835",end_to_end,56,56,126.12277,141.851,13.13616,53.35258,0.00026,210.65714,0.00052,0.04731,2.05358,547.22132
"methane_mobilenet_v3.xmodel","manual_1637344528835",end_to_end,57,57,16.71099,133.75933,12.90545,65.07687,0.00026,213.40879,0.0004,0.04706,1.74653,443.65568
"methane_mobilenet_v3.xmodel","manual_1637344528835",end_to_end,58,58,118.36858,126.09837,12.8767,69.61423,0.00026,210.64652,0.00048,0.04588,1.97764,539.62866
"methane_mobilenet_v3.xmodel","manual_1637344528835",end_to_end,59,59,3.9084,130.45095,13.04635,68.11769,0.00056,213.6115,0.00061,0.05685,1.76771,430.96062
"methane_mobilenet_v3.xmodel","manual_1637344528835",end_to_end,60,60,118.69456,150.81196,13.32616,44.40767,0.00029,211.25494,0.00052,0.03759,1.96465,540.49834
"methane_mobilenet_v3.xmodel","manual_1637344528835",end_to_end,61,61,23.02396,132.30689,12.95775,66.46929,0.00025,213.98311,0.00038,0.04514,1.72349,450.51026
"methane_mobilenet_v3.xmodel","manual_1637344528835",end_to_end,62,62,114.13188,125.46765,12.91697,70.71182,0.00025,210.24887,0.00031,0.04106,2.08387,535.60268
"methane_mobilenet_v3.xmodel","manual_1637344528835",end_to_end,63,63,0.74657,125.96763,13.18949,72.98194,0.00057,213.40616,0.0007,0.04608,1.81812,428.15726
"methane_mobilenet_v3.xmodel","manual_1637344528835",end_to_end,64,64,117.7801,133.18508,12.89143,62.15131,0.00026,210.72375,0.00039,0.048,2.0511,538.83142
"methane_mobilenet_v3.xmodel","manual_1637344528835",end_to_end,65,65,29.74149,130.58266,12.99658,68.02058,0.00048,213.71611,0.00031,0.04652,1.72612,456.83085
"methane_mobilenet_v3.xmodel","manual_1637344528835",end_to_end,66,66,109.79103,125.11669,12.88673,70.57174,0.00026,210.29863,0.00039,0.04785,1.95848,530.6718
"methane_mobilenet_v3.xmodel","manual_1637344528835",end_to_end,67,67,24.41353,126.13302,13.12694,72.57181,0.00069,213.8007,0.00066,0.04382,1.81522,451.90639
"methane_mobilenet_v3.xmodel","manual_1637344528835",end_to_end,68,68,111.294,135.91485,12.94747,59.34728,0.00025,211.38971,0.00059,0.06589,1.99432,532.95436
"methane_mobilenet_v3.xmodel","manual_1637344528835",end_to_end,69,69,35.7495,135.71523,13.61777,62.65857,0.00025,213.62339,0.0003,0.03906,1.74573,463.1498
"methane_mobilenet_v3.xmodel","manual_1637344528835",end_to_end,70,70,97.8283,125.70599,12.9562,70.68978,0.00025,210.86408,0.0003,0.04543,2.03251,520.12284
"methane_mobilenet_v3.xmodel","manual_1637344528835",end_to_end,71,71,28.10635,127.59665,13.58762,70.54728,0.00043,213.75299,0.00059,0.0407,1.73958,455.37219
"methane_mobilenet_v3.xmodel","manual_1637344528835",end_to_end,72,72,103.51196,148.74093,12.86524,47.20045,0.00028,211.0428,0.00029,0.04866,2.16108,525.57169
"methane_mobilenet_v3.xmodel","manual_1637344528835",end_to_end,73,73,41.60881,143.04037,13.04535,55.84685,0.00026,213.61244,0.00029,0.04082,1.76474,468.95993
"methane_mobilenet_v3.xmodel","manual_1637344528835",end_to_end,74,74,57.70146,129.10387,13.74995,68.9027,0.00055,213.53114,0.00071,0.0414,1.72305,484.75483
"methane_mobilenet_v3.xmodel","manual_1637344528835",end_to_end,75,75,49.27677,126.98375,12.97165,69.01539,0.00032,210.77898,0.0003,0.03593,1.94465,471.00774
"methane_mobilenet_v3.xmodel","manual_1637344528835",end_to_end,76,76,70.74456,143.85126,13.0295,54.80825,0.00026,213.8639,0.00029,0.04234,1.79746,498.13782
"methane_mobilenet_v3.xmodel","manual_1637344528835",end_to_end,77,77,71.22215,137.44214,12.82774,58.30154,0.00049,210.82286,0.0004,0.05019,1.94638,492.61389
"methane_mobilenet_v3.xmodel","manual_1637344528835",end_to_end,78,78,56.60522,129.03962,13.54065,69.48402,0.00044,213.401,0.0007,0.04128,1.73992,483.85285
"methane_mobilenet_v3.xmodel","manual_1637344528835",end_to_end,79,79,60.30137,130.27016,12.93849,65.61638,0.00026,211.20757,0.0003,0.06975,2.02934,482.43362
"methane_mobilenet_v3.xmodel","manual_1637344528835",end_to_end,80,80,91.2137,135.61986,12.85579,60.66938,0.00029,210.95659,0.00041,0.04931,1.99922,513.36455
"methane_mobilenet_v3.xmodel","manual_1637344528835",end_to_end,81,81,47.83354,134.05246,13.20897,64.26981,0.00025,213.35848,0.00043,0.04336,1.74325,474.51055
"methane_mobilenet_v3.xmodel","manual_1637344528835",end_to_end,82,82,66.08472,130.52013,13.21427,67.8075,0.00055,213.24474,0.00058,0.04513,1.75509,492.67271
"methane_mobilenet_v3.xmodel","manual_1637344528835",end_to_end,83,83,62.80667,130.20525,12.87126,65.74556,0.00032,211.29434,0.00037,0.04156,1.84795,484.81328
"methane_mobilenet_v3.xmodel","manual_1637344528835",end_to_end,84,84,69.62853,130.95383,13.36659,67.10207,0.00031,213.64035,0.00042,0.04185,1.73379,496.46774
"methane_mobilenet_v3.xmodel","manual_1637344528835",end_to_end,85,85,67.80807,131.07047,12.89836,65.26518,0.00026,210.62969,0.00049,0.05264,1.68915,489.41431
"methane_mobilenet_v3.xmodel","manual_1637344528835",end_to_end,86,86,68.92602,128.86134,13.18364,69.76954,0.00045,213.75817,0.00059,0.04553,1.77582,496.3211
"methane_mobilenet_v3.xmodel","manual_1637344528835",end_to_end,87,87,67.22339,128.38891,12.89667,67.39532,0.00034,211.48547,0.00047,0.03744,1.97588,489.40389
"methane_mobilenet_v3.xmodel","manual_1637344528835",end_to_end,88,88,71.58417,132.43931,13.17943,66.33079,0.00025,214.01617,0.00045,0.04313,2.02294,499.61664
"methane_mobilenet_v3.xmodel","manual_1637344528835",end_to_end,89,89,69.18429,131.67572,12.92974,65.08989,0.00025,211.28479,0.00041,0.05759,2.19207,492.41475
"methane_mobilenet_v3.xmodel","manual_1637344528835",end_to_end,90,90,68.17852,129.06524,13.31201,69.79069,0.00044,214.66282,0.0003,0.04199,1.83197,496.88398
"methane_mobilenet_v3.xmodel","manual_1637344528835",end_to_end,91,91,67.18063,126.93939,13.03044,69.22949,0.00031,210.58915,0.00042,0.87958,2.37748,490.22689
"methane_mobilenet_v3.xmodel","manual_1637344528835",end_to_end,92,92,77.15741,131.68035,12.97528,63.67516,0.00026,211.6373,0.00036,0.04119,1.93766,499.10497
"methane_mobilenet_v3.xmodel","manual_1637344528835",end_to_end,93,93,66.32525,133.84957,13.19844,65.39693,0.00028,214.92533,0.0003,0.02497,1.85041,495.57148
"methane_mobilenet_v3.xmodel","manual_1637344528835",end_to_end,94,94,69.70159,129.98725,13.02588,65.35245,0.00026,210.90971,0.00047,0.04373,1.9903,491.01164
"methane_mobilenet_v3.xmodel","manual_1637344528835",end_to_end,95,95,64.61446,128.53598,13.26832,71.14044,0.00034,214.21047,0.0006,0.03002,1.88354,493.68417
"methane_mobilenet_v3.xmodel","manual_1637344528835",end_to_end,96,96,70.95643,131.34944,13.21379,64.28388,0.00026,211.53686,0.00044,0.04173,1.99961,493.38244
"methane_mobilenet_v3.xmodel","manual_1637344528835",end_to_end,97,97,69.53503,131.91798,13.04268,67.30938,0.00026,214.2216,0.00058,0.05172,1.72893,497.80816
"methane_mobilenet_v3.xmodel","manual_1637344528835",end_to_end,98,98,66.33793,127.64539,13.1522,68.68525,0.00029,210.33365,0.00038,0.04252,1.94897,488.14658
"methane_mobilenet_v3.xmodel","manual_1637344528835",end_to_end,99,99,69.26916,131.15397,12.9576,68.15667,0.00046,214.42958,0.00074,0.0464,1.79348,497.80806
"methane_mobilenet_v3.xmodel","manual_1637344528835",end_to_end,100,100,78.74497,127.70359,13.05697,71.84222,0.00026,213.86291,0.0003,0.04883,1.78402,507.04407
"methane_mobilenet_v3.xmodel","manual_1637344528835",end_to_end,101,101,61.97445,133.18756,13.18919,61.90989,0.00029,211.00526,0.00039,0.03881,1.95159,483.25743
"methane_mobilenet_v3.xmodel","manual_1637344528835",end_to_end,102,102,76.10369,128.8696,12.90029,70.22987,0.00055,213.9334,0.00075,0.04283,1.74705,503.82803
"methane_mobilenet_v3.xmodel","manual_1637344528835",end_to_end,103,103,61.54124,129.12384,13.19275,66.66001,0.00025,210.21903,0.00051,0.04114,1.99096,482.76973
"methane_mobilenet_v3.xmodel","manual_1637344528835",end_to_end,104,104,83.70116,135.97627,12.99301,63.1198,0.00026,214.28198,0.00045,0.06379,1.80236,511.93908
"methane_mobilenet_v3.xmodel","manual_1637344528835",end_to_end,105,105,57.0486,140.05324,13.08153,55.07661,0.00024,211.11189,0.00042,0.04479,1.95895,478.37627
"methane_mobilenet_v3.xmodel","manual_1637344528835",end_to_end,106,106,75.79639,129.58576,12.91334,69.97905,0.00059,214.01863,0.00068,0.04928,2.03066,504.37438
"methane_mobilenet_v3.xmodel","manual_1637344528835",end_to_end,107,107,46.25069,127.75801,13.1788,68.1363,0.00027,210.75535,0.00047,0.04393,1.95014,468.07396
"methane_mobilenet_v3.xmodel","manual_1637344528835",end_to_end,108,108,70.15004,119.25013,13.28874,76.20012,0.00026,210.70755,0.0003,0.04279,2.00883,491.64876
"methane_mobilenet_v3.xmodel","manual_1637344528835",end_to_end,109,109,71.93016,121.22597,12.92629,77.91768,0.00025,214.4709,0.00042,0.05268,1.76317,500.28752
"methane_mobilenet_v3.xmodel","manual_1637344528835",end_to_end,110,110,103.64488,115.55025,12.96689,83.86887,0.00056,213.47816,0.00057,0.04795,1.74784,531.30597
"methane_mobilenet_v3.xmodel","manual_1637344528835",end_to_end,111,111,54.5817,117.03878,13.01989,78.63015,0.00027,210.20593,0.00044,0.04291,1.95078,475.47085
"methane_mobilenet_v3.xmodel","manual_1637344528835",end_to_end,112,112,80.68952,132.2749,13.23908,62.63101,0.00026,211.15232,0.00045,0.03554,1.96286,501.98594
"methane_mobilenet_v3.xmodel","manual_1637344528835",end_to_end,113,113,85.70659,132.89578,13.05294,65.69367,0.00027,213.79384,0.00056,0.04389,1.76446,512.952
"methane_mobilenet_v3.xmodel","manual_1637344528835",end_to_end,114,114,64.6508,129.71777,13.25561,66.15653,0.00026,210.48079,0.00039,0.04377,1.99629,486.30221
"methane_mobilenet_v3.xmodel","manual_1637344528835",end_to_end,115,115,67.51825,128.27643,12.93603,70.75755,0.00055,214.19736,0.00033,0.04594,1.75403,495.48647
"methane_mobilenet_v3.xmodel","manual_1637344528835",end_to_end,116,116,68.17295,134.31803,13.20834,60.94247,0.00028,210.83306,0.00031,0.04212,1.95252,489.47008
"methane_mobilenet_v3.xmodel","manual_1637344528835",end_to_end,117,117,72.5866,132.91398,12.88755,66.56775,0.00026,213.8249,0.00029,0.04456,1.77344,500.59933
"methane_mobilenet_v3.xmodel","manual_1637344528835",end_to_end,118,118,62.99124,130.42083,13.0676,65.29831,0.00028,210.17236,0.00038,0.04675,1.95538,483.95313
"methane_mobilenet_v3.xmodel","manual_1637344528835",end_to_end,119,119,68.38978,130.12632,12.84431,69.03438,0.00059,213.54178,0.00059,0.04735,1.76449,495.74959
"methane_mobilenet_v3.xmodel","manual_1637344528835",end_to_end,120,120,67.30532,135.7699,13.03764,59.35609,0.00025,210.85859,0.00029,0.04455,2.00606,488.37869
"methane_mobilenet_v3.xmodel","manual_1637344528835",end_to_end,121,121,70.88374,132.01677,12.98081,66.69662,0.00025,213.64268,0.00047,0.04594,1.78131,498.04859
"methane_mobilenet_v3.xmodel","manual_1637344528835",end_to_end,122,122,61.39349,131.17593,12.93811,64.70803,0.00024,210.27776,0.0003,0.0463,1.95702,482.49718
"methane_mobilenet_v3.xmodel","manual_1637344528835",end_to_end,123,123,68.5335,120.11603,12.97453,78.71594,0.00055,213.52267,0.0006,0.04251,1.85166,495.75799
"methane_mobilenet_v3.xmodel","manual_1637344528835",end_to_end,124,124,114.46504,133.02133,12.87152,65.78106,0.00025,213.63322,0.00039,0.04662,1.99137,541.8108
"methane_mobilenet_v3.xmodel","manual_1637344528835",end_to_end,125,125,32.86499,125.33393,12.95125,69.93511,0.00026,210.7192,0.0005,0.05007,1.98802,453.84333
"methane_mobilenet_v3.xmodel","manual_1637344528835",end_to_end,126,126,71.96101,127.78506,12.96168,67.94931,0.00027,210.30444,0.00028,0.04278,1.98329,492.98812
"methane_mobilenet_v3.xmodel","manual_1637344528835",end_to_end,127,127,67.75228,128.90374,12.94436,69.81616,0.00056,213.78972,0.00033,0.04177,1.78776,495.03668
"methane_mobilenet_v3.xmodel","manual_1637344528835",end_to_end,128,128,124.18639,129.87415,12.95759,68.78359,0.00025,214.13656,0.0004,0.04715,1.73389,551.71997
"methane_mobilenet_v3.xmodel","manual_1637344528835",end_to_end,129,129,17.79474,133.11374,12.93308,62.20843,0.00025,210.23596,0.00054,0.04356,1.95952,438.28982
"methane_mobilenet_v3.xmodel","manual_1637344528835",end_to_end,130,130,121.61498,123.20341,12.94883,76.13468,0.00058,213.99185,0.00063,0.04269,1.78782,549.72547
"methane_mobilenet_v3.xmodel","manual_1637344528835",end_to_end,131,131,13.26483,123.73132,13.17164,71.29534,0.00026,210.203,0.00029,0.0368,2.04883,433.75231
"methane_mobilenet_v3.xmodel","manual_1637344528835",end_to_end,132,132,73.30851,132.72679,12.95993,62.50224,0.00026,210.29307,0.00048,0.04215,1.97086,493.80429
"methane_mobilenet_v3.xmodel","manual_1637344528835",end_to_end,133,133,77.93684,131.23888,13.00801,67.94584,0.00027,213.70517,0.0003,0.04191,1.74586,505.62308
"methane_mobilenet_v3.xmodel","manual_1637344528835",end_to_end,134,134,64.58814,124.0585,13.01569,71.13209,0.00025,210.02084,0.00039,0.05414,1.98711,484.85715
"methane_mobilenet_v3.xmodel","manual_1637344528835",end_to_end,135,135,69.79425,127.48041,13.1101,71.23539,0.00056,213.99438,0.00055,0.04369,1.77287,497.4322
"methane_mobilenet_v3.xmodel","manual_1637344528835",end_to_end,136,136,73.1572,129.65957,12.98054,65.35977,0.00026,210.65047,0.00045,0.05271,1.96672,493.82769
"methane_mobilenet_v3.xmodel","manual_1637344528835",end_to_end,137,137,73.02495,127.64896,15.71357,68.81823,0.0003,213.60176,0.0003,0.0431,1.7371,500.58827
"methane_mobilenet_v3.xmodel","manual_1637344528835",end_to_end,138,138,67.4179,128.88402,13.07049,66.64266,0.00027,210.68762,0.00032,0.04309,1.98267,488.72904
"methane_mobilenet_v3.xmodel","manual_1637344528835",end_to_end,139,139,70.66377,123.30784,15.94229,72.51531,0.00056,213.49051,0.0006,0.04548,1.80226,497.76862
"methane_mobilenet_v3.xmodel","manual_1637344528835",end_to_end,140,140,68.66896,132.20282,13.02244,63.43973,0.00026,210.54211,0.00046,0.06051,2.05918,489.99647
"methane_mobilenet_v3.xmodel","manual_1637344528835",end_to_end,141,141,74.31074,131.89977,15.74819,64.04106,0.00027,213.75562,0.00038,0.04717,1.76394,501.56714
"methane_mobilenet_v3.xmodel","manual_1637344528835",end_to_end,142,142,65.5161,123.25844,13.14207,72.07136,0.00025,210.73841,0.00032,0.05019,1.97854,486.75568
"methane_mobilenet_v3.xmodel","manual_1637344528835",end_to_end,143,143,65.90838,126.47213,16.36135,69.05178,0.00056,213.52103,0.00066,0.05011,1.76626,493.13226
"methane_mobilenet_v3.xmodel","manual_1637344528835",end_to_end,144,144,74.20218,131.29622,13.08417,64.23351,0.0003,211.89148,0.00048,0.04866,2.00092,496.75792
"methane_mobilenet_v3.xmodel","manual_1637344528835",end_to_end,145,145,70.88973,136.44714,13.06248,62.17626,0.00028,213.33588,0.00042,0.04825,1.80618,497.76662
"methane_mobilenet_v3.xmodel","manual_1637344528835",end_to_end,146,146,66.31452,130.33872,13.0817,66.39365,0.00024,211.05262,0.00055,0.04467,1.99458,489.22125
"methane_mobilenet_v3.xmodel","manual_1637344528835",end_to_end,147,147,64.02708,131.20972,13.34577,66.93627,0.00057,213.73228,0.00067,0.04514,1.85194,491.14944
"methane_mobilenet_v3.xmodel","manual_1637344528835",end_to_end,148,148,68.50158,127.76946,13.23126,67.94526,0.00027,210.98564,0.00043,0.05803,2.03676,490.52869
"methane_mobilenet_v3.xmodel","manual_1637344528835",end_to_end,149,149,68.80211,131.01114,13.29447,67.55862,0.00025,213.6621,0.0004,0.05173,1.81579,496.19661
"methane_mobilenet_v3.xmodel","manual_1637344528835",end_to_end,150,150,70.051,126.46066,13.05587,69.37236,0.00028,210.88849,0.0003,0.05183,2.09809,491.97888
"methane_mobilenet_v3.xmodel","manual_1637344528835",end_to_end,151,151,69.51752,113.20997,16.33527,82.15854,0.00059,213.50765,0.00067,0.03901,1.75865,496.52787
"methane_mobilenet_v3.xmodel","manual_1637344528835",end_to_end,152,152,71.49566,130.37481,12.97117,65.42417,0.00025,210.93617,0.00096,0.04898,1.99118,493.24335
"methane_mobilenet_v3.xmodel","manual_1637344528835",end_to_end,153,153,84.06762,133.55691,13.1354,64.90259,0.00025,213.55633,0.00062,0.04644,1.76531,511.03147
"methane_mobilenet_v3.xmodel","manual_1637344528835",end_to_end,154,154,67.57657,127.36308,13.08134,68.3397,0.00026,211.26546,0.0003,0.05663,1.98818,489.67152
"methane_mobilenet_v3.xmodel","manual_1637344528835",end_to_end,155,155,66.732,131.54576,13.21874,66.96707,0.00067,213.81016,0.00059,0.04772,1.78752,494.11023
"methane_mobilenet_v3.xmodel","manual_1637344528835",end_to_end,156,156,70.42886,128.15201,13.04978,67.97499,0.00025,211.08134,0.0003,0.04795,2.04139,492.77687
"methane_mobilenet_v3.xmodel","manual_1637344528835",end_to_end,157,157,68.80517,130.5083,13.12158,68.34637,0.00026,214.46137,0.00044,0.0461,1.81211,497.1017
"methane_mobilenet_v3.xmodel","manual_1637344528835",end_to_end,158,158,70.06753,123.28363,13.24237,72.4617,0.00026,210.75452,0.00029,0.04859,2.17274,492.03163
"methane_mobilenet_v3.xmodel","manual_1637344528835",end_to_end,159,159,70.22999,128.04773,13.21753,71.31607,0.00055,214.22131,0.00059,0.04453,1.73903,498.81733
"methane_mobilenet_v3.xmodel","manual_1637344528835",end_to_end,160,160,74.62625,130.94957,12.95786,64.68608,0.00026,211.12665,0.0003,0.04531,1.96335,496.35563
"methane_mobilenet_v3.xmodel","manual_1637344528835",end_to_end,161,161,73.21907,132.80498,13.11498,66.39909,0.00025,215.25846,0.00031,0.048,1.84719,502.69233
"methane_mobilenet_v3.xmodel","manual_1637344528835",end_to_end,162,162,66.95767,128.32205,13.0455,67.48964,0.00025,211.14566,0.0003,0.04855,1.93809,488.94771
"methane_mobilenet_v3.xmodel","manual_1637344528835",end_to_end,163,163,68.39238,133.07669,13.09411,67.10018,0.00032,214.16659,0.00045,0.04632,1.75208,497.62912
"methane_mobilenet_v3.xmodel","manual_1637344528835",end_to_end,164,164,69.51894,128.85211,12.97488,67.29415,0.00025,210.83715,0.00058,0.04988,1.99707,491.52501
"methane_mobilenet_v3.xmodel","manual_1637344528835",end_to_end,165,165,69.06055,128.66759,13.06291,70.47824,0.00026,214.15118,0.0003,0.04045,1.73607,497.19755
"methane_mobilenet_v3.xmodel","manual_1637344528835",end_to_end,166,166,69.3153,121.9425,13.17121,73.70461,0.00027,210.52352,0.00043,0.07445,2.01998,490.75227
"methane_mobilenet_v3.xmodel","manual_1637344528835",end_to_end,167,167,72.30934,124.82493,13.09483,74.40121,0.00059,213.96771,0.00058,0.04734,1.75614,500.40267
"methane_mobilenet_v3.xmodel","manual_1637344528835",end_to_end,168,168,75.76243,129.30996,13.11774,66.04427,0.00027,210.91041,0.00031,0.04717,1.95267,497.14523
"methane_mobilenet_v3.xmodel","manual_1637344528835",end_to_end,169,169,76.22637,130.29462,12.99772,68.85488,0.00029,214.34593,0.00029,0.04113,1.75506,504.51629
"methane_mobilenet_v3.xmodel","manual_1637344528835",end_to_end,170,170,68.13623,123.95893,13.31368,71.54898,0.00024,210.32105,0.0004,0.05131,1.96085,489.29167
"methane_mobilenet_v3.xmodel","manual_1637344528835",end_to_end,171,171,70.73187,123.82074,13.1927,75.45513,0.00058,214.19971,0.0007,0.05103,1.86523,499.31769
"methane_mobilenet_v3.xmodel","manual_1637344528835",end_to_end,172,172,73.56211,129.42416,13.17399,65.71324,0.00026,211.37941,0.00043,0.05047,1.99496,495.29903
"methane_mobilenet_v3.xmodel","manual_1637344528835",end_to_end,173,173,77.28689,131.34034,13.17019,67.86568,0.00028,214.27699,0.0003,0.03704,1.75072,505.72843
"methane_mobilenet_v3.xmodel","manual_1637344528835",end_to_end,174,174,67.76632,122.8878,13.79439,72.65356,0.00026,210.89985,0.00081,0.04928,2.0502,490.10247
"methane_mobilenet_v3.xmodel","manual_1637344528835",end_to_end,175,175,69.81857,128.62088,13.20316,70.50034,0.00085,213.56298,0.00059,0.04456,1.85253,497.60446
"methane_mobilenet_v3.xmodel","manual_1637344528835",end_to_end,176,176,74.7023,103.58236,13.53459,91.73705,0.00057,210.621,0.00058,0.0494,1.97918,496.20703
"methane_mobilenet_v3.xmodel","manual_1637344528835",end_to_end,177,177,72.33284,96.9757,13.60661,101.1521,0.00025,213.80847,0.00028,0.03777,1.78055,499.69457
"methane_mobilenet_v3.xmodel","manual_1637344528835",end_to_end,178,178,93.82954,137.14512,13.12275,58.26388,0.00027,210.87935,0.00049,0.04792,1.9586,515.24792
"methane_mobilenet_v3.xmodel","manual_1637344528835",end_to_end,179,179,103.08236,105.43152,13.44736,93.00214,0.00058,213.79825,0.0006,0.13834,1.84771,530.74886
"methane_mobilenet_v3.xmodel","manual_1637344528835",end_to_end,180,180,60.31048,116.56183,13.00269,79.27385,0.00028,211.34978,0.00051,0.04868,2.00681,482.55491
"methane_mobilenet_v3.xmodel","manual_1637344528835",end_to_end,181,181,94.85759,131.6181,12.95667,67.3682,0.00028,213.04576,0.00034,0.04524,1.79898,521.69116
"methane_mobilenet_v3.xmodel","manual_1637344528835",end_to_end,182,182,81.30055,110.69233,25.27796,73.3546,0.00025,211.47101,0.00031,0.08791,2.02539,504.21031
"methane_mobilenet_v3.xmodel","manual_1637344528835",end_to_end,183,183,69.38235,110.19602,13.15541,87.67871,0.00055,213.68231,0.00056,0.04626,1.71784,495.86001
"methane_mobilenet_v3.xmodel","manual_1637344528835",end_to_end,184,184,75.42072,105.43327,13.6011,90.37637,0.00031,210.84404,0.00029,0.04657,1.99254,497.71521
"methane_mobilenet_v3.xmodel","manual_1637344528835",end_to_end,185,185,160.94415,114.81765,12.91298,80.98513,0.0004,210.89613,0.00052,0.04362,1.97804,582.57862
"methane_mobilenet_v3.xmodel","manual_1637344528835",end_to_end,186,186,21.11977,97.94845,13.49194,100.36615,0.00027,213.10175,0.00042,0.03962,1.73906,447.80743
"methane_mobilenet_v3.xmodel","manual_1637344528835",end_to_end,187,187,170.71581,121.6133,13.0477,74.18182,0.00026,210.58752,0.00042,0.03964,2.01752,592.20399
"methane_mobilenet_v3.xmodel","manual_1637344528835",end_to_end,188,188,14.48811,123.83492,12.99747,74.46982,0.00056,212.82329,0.00058,0.04303,1.78792,440.4457
"methane_mobilenet_v3.xmodel","manual_1637344528835",end_to_end,189,189,76.32981,129.99521,12.98034,67.99011,0.00025,213.46749,0.0004,0.04179,1.7614,502.5668
"methane_mobilenet_v3.xmodel","manual_1637344528835",end_to_end,190,190,76.22972,127.2955,12.96025,68.2849,0.00028,210.6933,0.00046,0.04032,1.98058,497.48531
"methane_mobilenet_v3.xmodel","manual_1637344528835",end_to_end,191,191,133.94643,108.50272,12.8713,87.21804,0.00026,211.11673,0.0003,0.04597,1.98189,555.68364
"methane_mobilenet_v3.xmodel","manual_1637344528835",end_to_end,192,192,6.28636,89.16509,13.06718,109.37891,0.00057,212.94571,0.0006,0.04534,1.74518,432.63494
"methane_mobilenet_v3.xmodel","manual_1637344528835",end_to_end,193,193,111.21845,107.96344,13.56294,89.58207,0.00026,213.14312,0.0004,0.0423,1.78894,537.30192
"methane_mobilenet_v3.xmodel","manual_1637344528835",end_to_end,194,194,89.26933,124.13954,12.91829,72.01036,0.00025,211.10073,0.00039,0.05211,1.99107,511.48207
"methane_mobilenet_v3.xmodel","manual_1637344528835",end_to_end,195,195,150.87489,109.87377,13.00287,86.18717,0.00027,210.70968,0.00042,0.0476,2.21276,572.90943
"methane_mobilenet_v3.xmodel","manual_1637344528835",end_to_end,196,196,14.58016,92.56186,12.99826,105.75775,0.00056,213.19562,0.00058,0.05133,1.73879,440.88491
"methane_mobilenet_v3.xmodel","manual_1637344528835",end_to_end,197,197,165.04404,130.55868,12.86173,65.22146,0.00025,210.46978,0.0006,0.04319,1.96926,586.16899
"methane_mobilenet_v3.xmodel","manual_1637344528835",end_to_end,198,198,30.83736,117.05297,13.11361,81.16873,0.00026,213.61329,0.0003,0.04502,1.76983,457.60137
"methane_mobilenet_v3.xmodel","manual_1637344528835",end_to_end,199,199,82.98638,135.97928,12.97363,62.83921,0.00057,213.52075,0.00058,0.04244,1.77541,510.11825
"methane_mobilenet_v3.xmodel","manual_1637344528835",end_to_end,200,200,67.49807,97.8182,13.50002,96.87633,0.00026,210.66678,0.00062,0.04822,1.98651,488.39501
"methane_mobilenet_v3.xmodel","manual_1637344528835",end_to_end,201,201,64.68511,131.95314,13.24026,66.47835,0.00023,213.14584,0.00041,0.04423,1.745,491.29257
"methane_mobilenet_v3.xmodel","manual_1637344528835",end_to_end,202,202,98.91151,128.14532,12.96444,67.52518,0.00025,210.25926,0.0003,0.06013,2.04666,519.91305
"methane_mobilenet_v3.xmodel","manual_1637344528835",end_to_end,203,203,68.33143,133.04272,13.04476,65.20529,0.00044,213.81893,0.00071,0.04189,1.71153,495.1977
"methane_mobilenet_v3.xmodel","manual_1637344528835",end_to_end,204,204,69.5743,123.33143,12.93659,71.94719,0.00027,210.39188,0.00034,0.04888,1.96392,490.1948
"methane_mobilenet_v3.xmodel","manual_1637344528835",end_to_end,205,205,67.02773,99.134,13.37163,99.48842,0.00025,213.44292,0.0004,0.04174,1.76613,494.27322
"methane_mobilenet_v3.xmodel","manual_1637344528835",end_to_end,206,206,74.05509,101.80185,13.50311,92.98375,0.00024,210.36624,0.00047,0.04705,2.02397,494.78177
"methane_mobilenet_v3.xmodel","manual_1637344528835",end_to_end,207,207,143.95467,104.95888,13.46048,89.91795,0.00028,210.84432,0.0003,0.04753,2.02981,565.21422
"methane_mobilenet_v3.xmodel","manual_1637344528835",end_to_end,208,208,52.33796,106.71194,13.37143,91.57092,0.00055,213.43671,0.00057,0.0428,1.68985,479.16273
"methane_mobilenet_v3.xmodel","manual_1637344528835",end_to_end,209,209,93.41952,91.49692,13.19008,106.90722,0.00025,213.39572,0.00076,0.04193,1.7896,520.242
"methane_mobilenet_v3.xmodel","manual_1637344528835",end_to_end,210,210,92.01306,129.03876,12.88881,66.82469,0.00028,210.48962,0.00033,0.0441,1.95178,513.25143
"methane_mobilenet_v3.xmodel","manual_1637344528835",end_to_end,211,211,108.67081,123.81856,13.18689,74.62499,0.00044,213.46698,0.00088,0.04434,1.77788,535.59177
"methane_mobilenet_v3.xmodel","manual_1637344528835",end_to_end,212,212,68.89685,93.73887,13.56569,101.11317,0.00025,210.21396,0.00033,0.04503,2.03044,489.60459
"methane_mobilenet_v3.xmodel","manual_1637344528835",end_to_end,213,213,76.48728,114.35985,13.14154,84.10528,0.00025,213.57086,0.00029,0.03606,1.73703,503.43844
"methane_mobilenet_v3.xmodel","manual_1637344528835",end_to_end,214,214,103.14304,126.30677,12.88157,69.00109,0.00027,210.09465,0.00059,0.04134,1.95451,523.42383
"methane_mobilenet_v3.xmodel","manual_1637344528835",end_to_end,215,215,85.96801,123.31281,13.46617,74.93335,0.00076,213.41742,0.00088,0.04397,1.81619,512.95956
"methane_mobilenet_v3.xmodel","manual_1637344528835",end_to_end,216,216,71.07612,130.78518,12.86486,64.37047,0.00028,211.03945,0.00029,0.0505,1.99238,492.17953
"methane_mobilenet_v3.xmodel","manual_1637344528835",end_to_end,217,217,76.73839,132.34324,13.79403,65.47239,0.00026,213.16151,0.0005,0.04289,1.76118,503.31439
"methane_mobilenet_v3.xmodel","manual_1637344528835",end_to_end,218,218,66.3949,126.05374,12.90195,70.06215,0.00029,210.89778,0.00042,0.04976,2.00349,488.36448
"methane_mobilenet_v3.xmodel","manual_1637344528835",end_to_end,219,219,67.3607,124.52644,13.68943,73.05308,0.00076,213.1949,0.00065,0.04408,1.75282,493.62286
"methane_mobilenet_v3.xmodel","manual_1637344528835",end_to_end,220,220,72.10066,131.96558,12.91078,63.98644,0.0003,210.58486,0.00043,0.06008,1.96589,493.57502
"methane_mobilenet_v3.xmodel","manual_1637344528835",end_to_end,221,221,74.89829,101.39459,13.30568,96.64913,0.00026,213.18235,0.0003,0.04106,1.82618,501.29784
"methane_mobilenet_v3.xmodel","manual_1637344528835",end_to_end,222,222,66.03835,89.59376,13.12052,105.82744,0.00032,210.85853,0.00053,0.04289,1.94415,487.42649
"methane_mobilenet_v3.xmodel","manual_1637344528835",end_to_end,223,223,98.48403,97.8346,13.2856,100.22703,0.00057,213.46454,0.00068,0.05282,1.73474,525.08461
"methane_mobilenet_v3.xmodel","manual_1637344528835",end_to_end,224,224,107.86147,126.74295,12.99957,69.09039,0.00025,210.45365,0.0006,0.05466,2.0116,529.21514
"methane_mobilenet_v3.xmodel","manual_1637344528835",end_to_end,225,225,119.83641,117.02948,12.99249,78.41426,0.00025,210.3475,0.00052,0.04706,1.96024,540.62821
"methane_mobilenet_v3.xmodel","manual_1637344528835",end_to_end,226,226,53.40304,111.869,13.71741,85.98541,0.00028,213.30076,0.00042,0.04162,1.74101,480.05895
"methane_mobilenet_v3.xmodel","manual_1637344528835",end_to_end,227,227,102.60951,122.27139,12.8662,73.16471,0.00028,210.65904,0.0004,0.04419,1.94975,523.56547
"methane_mobilenet_v3.xmodel","manual_1637344528835",end_to_end,228,228,65.65986,122.50567,12.98615,75.99036,0.00055,214.11324,0.00061,0.04224,1.76919,493.06787
"methane_mobilenet_v3.xmodel","manual_1637344528835",end_to_end,229,229,77.81097,132.10965,13.236,66.94592,0.00025,213.90863,0.00031,0.04222,1.72121,505.77516
"methane_mobilenet_v3.xmodel","manual_1637344528835",end_to_end,230,230,75.19083,125.26598,12.96618,70.40695,0.00029,211.24529,0.00065,0.04541,2.09188,497.21346
"methane_mobilenet_v3.xmodel","manual_1637344528835",end_to_end,231,231,77.19576,115.12711,13.02298,81.01639,0.00027,210.46164,0.00033,0.60215,2.44744,499.87407
"methane_mobilenet_v3.xmodel","manual_1637344528835",end_to_end,232,232,64.08656,103.46155,13.95213,94.64842,0.00058,214.71233,0.00036,0.04257,1.77899,492.68349
"methane_mobilenet_v3.xmodel","manual_1637344528835",end_to_end,233,233,102.29437,121.57054,12.95405,73.78548,0.00025,211.49391,0.0003,0.04231,1.87825,524.01946
"methane_mobilenet_v3.xmodel","manual_1637344528835",end_to_end,234,234,77.30146,94.17518,13.05216,105.69368,0.00025,214.87891,0.00036,0.0381,1.92675,507.06685
"methane_mobilenet_v3.xmodel","manual_1637344528835",end_to_end,235,235,109.98998,125.40677,12.98094,70.05172,0.00026,210.74754,0.00039,0.04806,1.98723,531.21289
"methane_mobilenet_v3.xmodel","manual_1637344528835",end_to_end,236,236,74.44437,88.10962,13.03492,111.83368,0.00065,214.59854,0.00061,0.04073,1.86051,503.92363
"methane_mobilenet_v3.xmodel","manual_1637344528835",end_to_end,237,237,111.71311,124.24148,13.38,71.10695,0.00025,211.3637,0.00041,0.04393,1.95983,533.80966
"methane_mobilenet_v3.xmodel","manual_1637344528835",end_to_end,238,238,74.18548,111.29284,13.48019,87.83373,0.00029,214.19336,0.00075,0.05884,1.78277,502.82825
"methane_mobilenet_v3.xmodel","manual_1637344528835",end_to_end,239,239,89.76662,129.1236,13.03594,70.10554,0.00085,213.82773,0.00032,0.04614,1.744,517.65074
"methane_mobilenet_v3.xmodel","manual_1637344528835",end_to_end,240,240,73.15278,130.44749,13.26116,65.61168,0.00026,210.68604,0.00031,0.04522,1.95672,495.16166
"methane_mobilenet_v3.xmodel","manual_1637344528835",end_to_end,241,241,67.63865,119.33217,13.59512,75.73137,0.00031,210.45504,0.0003,0.04434,1.94542,488.74272
"methane_mobilenet_v3.xmodel","manual_1637344528835",end_to_end,242,242,72.00205,119.84505,13.14058,78.94877,0.00026,213.78635,0.00031,0.07402,1.76037,499.55776
"methane_mobilenet_v3.xmodel","manual_1637344528835",end_to_end,243,243,89.50471,82.88852,13.47988,115.62659,0.00056,214.41534,0.00056,0.04254,1.75194,517.71064
"methane_mobilenet_v3.xmodel","manual_1637344528835",end_to_end,244,244,68.99432,123.87406,13.22723,71.33902,0.00025,210.55078,0.00029,0.04552,2.00028,490.03175
"methane_mobilenet_v3.xmodel","manual_1637344528835",end_to_end,245,245,117.45394,129.65007,12.90168,70.04145,0.00028,213.60511,0.0003,0.04777,1.78039,545.48099
"methane_mobilenet_v3.xmodel","manual_1637344528835",end_to_end,246,246,73.35438,101.69034,13.75933,93.08591,0.00028,210.14416,0.00054,0.04451,1.95847,494.03792
"methane_mobilenet_v3.xmodel","manual_1637344528835",end_to_end,247,247,95.13648,116.3421,13.41542,78.3343,0.00025,210.31839,0.0003,0.04145,1.99402,515.58271
"methane_mobilenet_v3.xmodel","manual_1637344528835",end_to_end,248,248,71.86166,117.25157,13.017,81.51911,0.00057,213.49473,0.00066,0.0452,2.06118,499.25168
"methane_mobilenet_v3.xmodel","manual_1637344528835",end_to_end,249,249,80.3621,92.4464,13.29339,102.553,0.00027,210.23917,0.00041,0.04212,1.94947,500.88633
"methane_mobilenet_v3.xmodel","manual_1637344528835",end_to_end,250,250,83.36633,99.04635,13.37978,99.22072,0.00025,213.91266,0.00029,0.04792,1.79084,510.76514
"methane_mobilenet_v3.xmodel","manual_1637344528835",end_to_end,251,251,104.59128,83.40198,12.97548,111.81119,0.00026,210.55011,0.00042,0.04129,1.98091,525.35292
"methane_mobilenet_v3.xmodel","manual_1637344528835",end_to_end,252,252,101.32937,123.73284,12.90365,75.17037,0.00038,213.50754,0.00057,0.03767,1.73667,528.41906
"methane_mobilenet_v3.xmodel","manual_1637344528835",end_to_end,253,253,113.82248,127.32791,13.20146,68.00943,0.00026,210.62674,0.0003,0.04362,2.0049,535.0371
"methane_mobilenet_v3.xmodel","manual_1637344528835",end_to_end,254,254,77.02311,134.18758,12.9249,64.54637,0.00026,213.50741,0.0003,0.04102,1.77837,504.00932
"methane_mobilenet_v3.xmodel","manual_1637344528835",end_to_end,255,255,70.04584,114.0367,13.04064,81.51463,0.00026,210.55798,0.0003,0.0512,1.97004,491.21759
"methane_mobilenet_v3.xmodel","manual_1637344528835",end_to_end,256,256,66.36329,131.57879,12.92599,67.1864,0.00057,213.81987,0.00045,0.04071,1.82179,493.73786
"methane_mobilenet_v3.xmodel","manual_1637344528835",end_to_end,257,257,118.69508,113.77767,12.93854,85.26458,0.00022,213.61799,0.0003,0.04602,1.74161,546.08201
"methane_mobilenet_v3.xmodel","manual_1637344528835",end_to_end,258,258,33.90259,123.07915,13.05365,72.37123,0.00026,210.69156,0.00029,0.04128,1.91583,455.05584
"methane_mobilenet_v3.xmodel","manual_1637344528835",end_to_end,259,259,74.39894,103.87878,13.75355,91.02871,0.00027,210.58047,0.00032,0.04332,2.00517,495.68953
"methane_mobilenet_v3.xmodel","manual_1637344528835",end_to_end,260,260,87.16287,119.00554,12.99743,79.71784,0.00056,213.41014,0.00059,0.04758,1.78044,514.12299
"methane_mobilenet_v3.xmodel","manual_1637344528835",end_to_end,261,261,134.37006,131.15507,12.89894,67.5451,0.00028,213.7823,0.0003,0.04597,1.74674,561.54476
"methane_mobilenet_v3.xmodel","manual_1637344528835",end_to_end,262,262,40.17879,129.34153,13.07909,66.17073,0.00041,210.33507,0.00029,0.04578,1.95548,461.10717
"methane_mobilenet_v3.xmodel","manual_1637344528835",end_to_end,263,263,68.22293,114.73846,13.13952,80.40545,0.00027,210.30925,0.00029,0.04579,1.9787,488.84066
"methane_mobilenet_v3.xmodel","manual_1637344528835",end_to_end,264,264,69.3927,97.40759,13.09718,101.43096,0.00056,213.76193,0.00094,0.04649,1.89513,497.03348
"methane_mobilenet_v3.xmodel","manual_1637344528835",end_to_end,265,265,82.42295,131.2569,13.11284,63.92048,0.00029,210.63239,0.00029,0.04838,1.94608,503.3406
"methane_mobilenet_v3.xmodel","manual_1637344528835",end_to_end,266,266,103.26037,94.64643,12.94386,104.34681,0.00025,213.9269,0.00045,0.03746,2.18983,531.35236
"methane_mobilenet_v3.xmodel","manual_1637344528835",end_to_end,267,267,117.13527,115.20001,12.98485,83.78639,0.00056,214.07166,0.00033,0.04728,1.79161,545.01796
"methane_mobilenet_v3.xmodel","manual_1637344528835",end_to_end,268,268,55.12606,128.07771,13.07028,67.44644,0.00025,210.35123,0.00031,0.04345,1.96339,476.07912
"methane_mobilenet_v3.xmodel","manual_1637344528835",end_to_end,269,269,69.4857,100.84198,13.78003,93.68797,0.00025,210.46254,0.00028,0.04933,1.99806,490.30614
"methane_mobilenet_v3.xmodel","manual_1637344528835",end_to_end,270,270,86.03438,126.27283,12.91593,72.63748,0.00026,213.64022,0.00033,0.03819,1.70171,513.24133
"methane_mobilenet_v3.xmodel","manual_1637344528835",end_to_end,271,271,153.83418,116.91528,13.00336,81.85411,0.00058,214.03467,0.00061,0.04258,1.81711,581.50248
"methane_mobilenet_v3.xmodel","manual_1637344528835",end_to_end,272,272,16.37512,95.84257,13.54602,99.05673,0.00025,210.37168,0.00031,0.04877,1.96173,437.20318
"methane_mobilenet_v3.xmodel","manual_1637344528835",end_to_end,273,273,101.1121,130.0244,13.00528,65.28729,0.00027,209.83663,0.00028,0.04993,1.97173,521.28791
"methane_mobilenet_v3.xmodel","manual_1637344528835",end_to_end,274,274,83.65312,124.90375,13.04519,74.28583,0.00026,213.84601,0.00032,0.03474,1.72664,511.49586
"methane_mobilenet_v3.xmodel","manual_1637344528835",end_to_end,275,275,67.30346,129.10542,12.92793,65.7874,0.00031,210.80672,0.00038,0.04649,1.9621,487.94021
"methane_mobilenet_v3.xmodel","manual_1637344528835",end_to_end,276,276,76.16831,83.50003,12.91642,115.54852,0.00057,213.90623,0.00058,0.04888,1.73122,503.82076
"methane_mobilenet_v3.xmodel","manual_1637344528835",end_to_end,277,277,67.8259,128.17882,13.14866,67.43983,0.00024,209.98543,0.0003,0.04435,1.95977,488.5833
"methane_mobilenet_v3.xmodel","manual_1637344528835",end_to_end,278,278,117.33295,96.80378,13.01096,102.3092,0.00027,213.77434,0.00043,0.04902,1.73612,545.01707
"methane_mobilenet_v3.xmodel","manual_1637344528835",end_to_end,279,279,141.48692,116.57739,12.9575,82.43174,0.00058,213.92161,0.00058,0.04932,1.75577,569.18141
"methane_mobilenet_v3.xmodel","manual_1637344528835",end_to_end,280,280,32.08924,110.49417,13.18716,84.2851,0.00031,210.21157,0.00044,0.04964,2.047,452.36463
"methane_mobilenet_v3.xmodel","manual_1637344528835",end_to_end,281,281,86.33067,109.09546,13.27652,85.80093,0.00026,210.7205,0.0003,0.04974,1.97794,507.25232
"methane_mobilenet_v3.xmodel","manual_1637344528835",end_to_end,282,282,84.25065,85.63874,12.95592,113.50872,0.00026,213.51425,0.0003,0.05134,1.78965,511.70983
"methane_mobilenet_v3.xmodel","manual_1637344528835",end_to_end,283,283,87.91836,130.20774,13.07266,65.32266,0.00034,210.55257,0.00045,0.05368,2.06768,509.19614
"methane_mobilenet_v3.xmodel","manual_1637344528835",end_to_end,284,284,115.3517,92.6655,12.88315,106.12495,0.00055,213.53491,0.00069,0.05172,1.73349,542.34666
"methane_mobilenet_v3.xmodel","manual_1637344528835",end_to_end,285,285,67.40251,139.52584,13.04213,55.90969,0.00034,211.31439,0.00054,0.06014,2.02481,489.28039
"methane_mobilenet_v3.xmodel","manual_1637344528835",end_to_end,286,286,107.99799,138.77187,13.06387,59.83296,0.00027,213.64307,0.00067,0.06315,1.81113,535.18498
"methane_mobilenet_v3.xmodel","manual_1637344528835",end_to_end,287,287,58.06005,92.52438,13.04098,103.60442,0.00026,211.07025,0.0003,0.05209,2.00766,480.36039
"methane_mobilenet_v3.xmodel","manual_1637344528835",end_to_end,288,288,61.65259,118.53953,14.99648,78.29095,0.00057,213.43479,0.00067,0.04342,1.73694,488.69594
"methane_mobilenet_v3.xmodel","manual_1637344528835",end_to_end,289,289,105.75233,120.45803,13.11623,75.35421,0.00029,210.89042,0.00029,0.04929,1.98362,527.60471
"methane_mobilenet_v3.xmodel","manual_1637344528835",end_to_end,290,290,80.18282,125.55796,13.55211,72.43258,0.00025,213.01644,0.00044,0.0536,1.75677,506.55297
"methane_mobilenet_v3.xmodel","manual_1637344528835",end_to_end,291,291,77.51874,100.94126,13.5992,94.19182,0.0003,211.10848,0.00048,0.05282,1.99915,499.41225
"methane_mobilenet_v3.xmodel","manual_1637344528835",end_to_end,292,292,74.25708,129.68855,13.24619,68.26585,0.00058,213.35086,0.00059,0.05272,1.81233,500.67475
"methane_mobilenet_v3.xmodel","manual_1637344528835",end_to_end,293,293,96.26579,135.01232,13.07887,60.94543,0.00026,211.345,0.00031,0.06478,1.96872,518.68148
"methane_mobilenet_v3.xmodel","manual_1637344528835",end_to_end,294,294,70.12807,128.47535,13.27822,69.74279,0.0003,213.77764,0.0005,0.04356,1.73143,497.17786
"methane_mobilenet_v3.xmodel","manual_1637344528835",end_to_end,295,295,63.06123,119.31039,13.24293,76.68469,0.00025,211.25197,0.0003,0.04287,1.79455,485.38918
"methane_mobilenet_v3.xmodel","manual_1637344528835",end_to_end,296,296,71.63157,110.0017,14.8186,87.06863,0.00074,213.64688,0.00059,0.05364,1.73816,498.96051
"methane_mobilenet_v3.xmodel","manual_1637344528835",end_to_end,297,297,78.77897,125.58387,13.06026,70.51621,0.00026,211.04704,0.00043,0.06115,2.05446,501.10265
"methane_mobilenet_v3.xmodel","manual_1637344528835",end_to_end,298,298,88.88815,129.38045,13.2549,69.19554,0.00026,214.08253,0.00031,0.04591,1.7514,516.59945
"methane_mobilenet_v3.xmodel","manual_1637344528835",end_to_end,299,299,72.43841,129.53098,12.98065,66.62232,0.00026,211.2217,0.0003,0.04737,2.02986,494.87185
"methane_mobilenet_v3.xmodel","manual_1637344528835",end_to_end,300,300,71.02158,133.06349,13.03796,66.15601,0.00058,214.27669,0.00059,0.05039,2.06195,499.66924
"methane_mobilenet_v3.xmodel","manual_1637344528835",end_to_end,301,301,68.81163,119.59842,13.23921,76.1952,0.00027,210.99816,0.00031,0.05372,1.98683,490.88375
"methane_mobilenet_v3.xmodel","manual_1637344528835",end_to_end,302,302,67.99941,111.91106,13.47683,87.0459,0.00032,214.94824,0.00031,0.05118,1.75425,497.1875
"methane_mobilenet_v3.xmodel","manual_1637344528835",end_to_end,303,303,78.34539,125.29456,13.02386,70.53008,0.00025,210.68774,0.00045,0.05977,2.0455,499.9876
"methane_mobilenet_v3.xmodel","manual_1637344528835",end_to_end,304,304,89.32015,119.06921,13.48768,80.12312,0.00031,214.03892,0.00069,0.04794,1.76632,517.85434
"methane_mobilenet_v3.xmodel","manual_1637344528835",end_to_end,305,305,72.68047,120.97724,13.15403,74.40976,0.00025,211.23506,0.00031,0.04961,1.98053,494.48726
"methane_mobilenet_v3.xmodel","manual_1637344528835",end_to_end,306,306,81.9794,95.29202,14.72773,102.16192,0.00027,214.19738,0.00043,0.0531,1.75004,510.16229
"methane_mobilenet_v3.xmodel","manual_1637344528835",end_to_end,307,307,76.53864,116.60946,13.37929,79.12119,0.00025,210.24664,0.00039,0.04575,1.97261,497.91422
"methane_mobilenet_v3.xmodel","manual_1637344528835",end_to_end,308,308,104.00226,124.24771,13.1401,74.96507,0.00055,213.70401,0.00058,0.04584,1.78175,531.88787
"methane_mobilenet_v3.xmodel","manual_1637344528835",end_to_end,309,309,81.17646,101.02118,15.89306,91.28305,0.00025,210.644,0.00042,0.05121,2.02712,502.09675
"methane_mobilenet_v3.xmodel","manual_1637344528835",end_to_end,310,310,76.80734,112.60744,13.17964,86.07776,0.00025,214.07543,0.0003,0.03518,1.7102,504.49354
"methane_mobilenet_v3.xmodel","manual_1637344528835",end_to_end,311,311,93.32013,90.57283,12.89613,105.14532,0.00025,211.01844,0.00042,0.05003,1.95567,514.95922
"methane_mobilenet_v3.xmodel","manual_1637344528835",end_to_end,312,312,179.62988,102.64415,13.45258,92.83551,0.00026,211.15866,0.00044,0.04855,1.97257,601.7426
"methane_mobilenet_v3.xmodel","manual_1637344528835",end_to_end,313,313,15.5419,116.51273,13.39166,82.3068,0.0006,214.32066,0.00079,0.07608,1.85377,444.00499
"methane_mobilenet_v3.xmodel","manual_1637344528835",end_to_end,314,314,172.73228,124.21219,13.72594,71.21124,0.00026,210.19116,0.00029,0.04883,1.98554,594.10773
"methane_mobilenet_v3.xmodel","manual_1637344528835",end_to_end,315,315,6.20859,130.31114,13.08629,69.15139,0.00031,214.44634,0.00039,0.04919,1.81821,435.07185
"methane_mobilenet_v3.xmodel","manual_1637344528835",end_to_end,316,316,71.13317,95.77278,13.11099,103.59202,0.00055,213.79566,0.0006,0.04005,1.74886,499.19468
"methane_mobilenet_v3.xmodel","manual_1637344528835",end_to_end,317,317,73.2617,119.74832,13.87428,74.52047,0.00027,210.37703,0.00029,0.04584,1.95733,493.78553
"methane_mobilenet_v3.xmodel","manual_1637344528835",end_to_end,318,318,105.50855,113.87415,13.28087,84.72244,0.00028,213.43214,0.00031,0.04383,1.75448,532.61705
"methane_mobilenet_v3.xmodel","manual_1637344528835",end_to_end,319,319,76.56838,98.10055,13.50149,96.73017,0.0003,210.70261,0.00044,0.03951,1.99737,497.64082
"methane_mobilenet_v3.xmodel","manual_1637344528835",end_to_end,320,320,86.56128,130.51658,13.18963,67.89521,0.00055,213.57555,0.00061,0.0644,1.84178,513.64559
"methane_mobilenet_v3.xmodel","manual_1637344528835",end_to_end,321,321,98.76191,110.06898,12.93959,85.66187,0.00025,213.12056,0.00031,0.04941,1.95477,522.55765
"methane_mobilenet_v3.xmodel","manual_1637344528835",end_to_end,322,322,144.79073,129.60026,17.12953,64.3357,0.00025,211.34787,0.00031,0.04467,1.98402,569.23334
"methane_mobilenet_v3.xmodel","manual_1637344528835",end_to_end,323,323,12.6551,96.69074,13.3618,101.69934,0.00025,216.92139,0.0003,0.04309,1.74557,443.11758
"methane_mobilenet_v3.xmodel","manual_1637344528835",end_to_end,324,324,103.64622,120.97112,13.22244,80.77808,0.00063,213.14408,0.00104,0.0444,1.71143,533.51944
"methane_mobilenet_v3.xmodel","manual_1637344528835",end_to_end,325,325,66.36975,102.31361,13.47282,93.52483,0.00025,211.00991,0.00034,0.04854,1.98415,488.7242
"methane_mobilenet_v3.xmodel","manual_1637344528835",end_to_end,326,326,151.6261,104.08364,13.50697,91.37971,0.00034,210.66434,0.0003,0.04735,2.05266,573.36141
"methane_mobilenet_v3.xmodel","manual_1637344528835",end_to_end,327,327,26.55352,137.70349,13.04397,60.56114,0.00027,213.52491,0.00029,0.04238,1.80251,453.23248
"methane_mobilenet_v3.xmodel","manual_1637344528835",end_to_end,328,328,62.35333,131.83776,13.0079,66.88613,0.00056,213.79635,0.00065,0.04207,1.71942,489.64417
"methane_mobilenet_v3.xmodel","manual_1637344528835",end_to_end,329,329,93.4454,104.7137,13.51113,90.37674,0.00027,210.9919,0.00031,0.04594,1.97213,515.05752
"methane_mobilenet_v3.xmodel","manual_1637344528835",end_to_end,330,330,68.76965,99.05543,13.28384,99.57811,0.00026,213.54259,0.00042,0.0448,1.84366,496.11876
"methane_mobilenet_v3.xmodel","manual_1637344528835",end_to_end,331,331,92.47013,124.37454,12.94994,71.57299,0.00027,210.97744,0.0003,0.04255,1.9965,514.38466
"methane_mobilenet_v3.xmodel","manual_1637344528835",end_to_end,332,332,162.6338,111.70275,12.92427,84.30569,0.00025,210.79614,0.00029,0.06393,2.24384,584.67096
"methane_mobilenet_v3.xmodel","manual_1637344528835",end_to_end,333,333,12.36031,104.43331,13.56954,93.74287,0.00057,214.17133,0.0007,0.04226,1.7575,440.07839
"methane_mobilenet_v3.xmodel","manual_1637344528835",end_to_end,334,334,154.23924,107.53405,12.96532,88.25444,0.00026,210.89783,0.00044,0.04913,2.04794,575.98865
"methane_mobilenet_v3.xmodel","manual_1637344528835",end_to_end,335,335,27.77393,121.88532,13.10756,77.26285,0.00028,213.26296,0.0004,0.04508,1.72842,455.0668
"methane_mobilenet_v3.xmodel","manual_1637344528835",end_to_end,336,336,79.0991,129.8635,12.9809,68.57675,0.00054,213.75699,0.00059,0.04408,1.78346,506.10591
"methane_mobilenet_v3.xmodel","manual_1637344528835",end_to_end,337,337,90.55203,128.93591,12.93832,66.72965,0.00024,210.183,0.0004,0.04564,1.96457,511.34976
"methane_mobilenet_v3.xmodel","manual_1637344528835",end_to_end,338,338,70.38897,131.41325,12.99404,67.53833,0.00024,213.1699,0.00031,0.04239,1.72248,497.26991
"methane_mobilenet_v3.xmodel","manual_1637344528835",end_to_end,339,339,68.82451,103.67571,13.4338,90.97903,0.00028,210.57876,0.0003,0.03901,1.99176,489.52316
"methane_mobilenet_v3.xmodel","manual_1637344528835",end_to_end,340,340,69.39683,124.53404,13.14876,73.62762,0.00057,212.98726,0.00066,0.0382,1.61109,495.34503
"methane_mobilenet_v3.xmodel","manual_1637344528835",end_to_end,341,341,93.0101,107.24684,12.93622,88.36511,0.00027,209.58976,0.00041,0.03418,1.61101,512.7939
